age,1982,1983,1984,1985,1986,1987,1988,1989,1990,1991,1992,1993,1994,1995,1996,1997,1998,1999,2000,2001,2002,2003,2004,2005,2006,2007,2008,2009,2010,2011,2012,2013,2014,2015,2016,2017,2018,2019,2020,2021,2022,2023,2024,2025
1,0.0026011479446301096,-0.004217396921810673,-0.003980019016930351,-0.004429167174404593,-0.004820975617285539,-0.0036967281170588637,-0.0050785306334371755,-0.008904906445997604,-0.0069828996388400875,-0.08126041727040731,0.009757090726848444,-0.002371795096537144,-0.0030462960430966118,-0.0031960333903852506,-0.0012620009598855787,-0.006763010564970051,-0.01091945165934318,-0.005294089722288156,-0.0034111070764008965,-0.00813198593629351,0.006825912463886716,0.004413280164881939,0.006035148795090748,0.0010152193375111906,0.003162610432804054,0.0056457000021548475,0.004139468521490993,-0.0014506185276221945,-0.0011167978489193024,-0.0027077933111359356,0.003379566648739083,-0.00024529676226998746,-0.0013511930331549966,-0.00046605592671120533,-4.140983939193792e-06,0.0009703036028904834,0.00149428874053434,0.013405814754748762,0.01998920414291016,0.006613064135362854,0.009050835442532436,0.008308793663688058,0.009657672805611748,0.007280452646013972
2,0.0009774969085666876,0.004852335289441305,-0.0037499018874452773,-0.003992608122778086,-0.004333272700381988,-0.005137299100757239,-0.0035571204640851687,-0.0054886015028874505,-0.010524178956937715,-0.05286998232588487,0.008115083158095966,0.005920991407389025,-0.0012827248590320524,-0.0021486146464203167,-0.002231029191651997,-0.0006988066679557895,-0.003306987289122739,-0.006941330272788769,-0.004873653445632897,-0.0029357015288302883,0.007355928296232472,0.008481190785013398,0.005278614177911602,0.005298792513141592,0.002289528804239921,0.005925443594335015,0.004664052511660131,0.00230186795874399,-0.0015772953682958368,-0.0013370269221319793,0.004995287464655985,0.002385178508169144,-0.0019122858277332015,-0.002602415103783767,-0.0012147118211271806,-0.0003416325896785548,0.0008524442403680179,0.0034405129172828727,0.015536247810707785,0.004521947036045635,0.008863343096993872,0.00821269900952871,0.008222702817018427,0.007486221916909962
3,-0.0018020730614917912,0.0009638393516394002,0.004469444298545092,-0.0033250688970997296,-0.0034894401586805022,-0.003848452252898291,-0.004543682929575513,-0.0031407887996031925,-0.004877542170606477,-0.04830673115175821,0.004947169004301804,0.0051010249457186475,0.0064624185211026005,-0.0016468116775838317,-0.0019241729263371628,-0.0025341535210204546,-7.280335048682451e-05,-0.002801072540937656,-0.006727705863781177,-0.00478434020610646,0.0051426634679653345,0.008217569580174293,0.008477656234994153,0.005376622416152054,0.004231640859309336,0.004734566259835423,0.005478777155638987,0.003369827953931466,0.0015983923929280882,-0.0016325053069602012,0.004590484238148974,0.0028098601201855446,-0.001015822029460689,-0.0020473076309591946,-0.003034597945177283,-0.000913644560208375,0.00028168430645595575,0.0018754792242355245,0.01514276842607049,0.002405477364390368,0.007686102219514891,0.008107050021033587,0.0068650447037578635,0.008085721634424498
4,0.0003026418348089502,-0.001636406963100154,0.0009311843649861988,0.004050845546602699,-0.0029264011718510537,-0.0031593413474624243,-0.0034811016118306034,-0.004021494374084244,-0.002772965493195611,-0.04375234590279494,0.005012512535967683,0.0034444639046924937,0.005507183487882875,0.008460376216729638,-0.0018222351458757392,-0.002706379822230872,-0.0020260415385808628,-8.047271974800543e-05,-0.002946147997248229,-0.00605279532420598,0.007120414811388038,0.006060126552471804,0.008971045958471239,0.008563239316957492,0.003703785437907343,0.007164020856632438,0.0037779751332149203,0.0030508250282102957,0.0018191931072597672,0.0007165364221655677,0.004220827796210407,0.002745253922678601,-0.0006960006042795945,-0.0013446934617521763,-0.002106039067024693,-0.002392988955284337,-0.0008101972549554392,0.0017041242706223884,0.018611563379803943,0.001107188323255909,0.006153320229040253,0.007116333022912772,0.00661149449685345,0.007941613665716305
5,0.000433661461356784,0.0003011231465228126,-0.001423061758161078,0.0008542443582627934,0.003640654243632517,-0.002635666440151442,-0.0027656470123139133,-0.0030615491782836407,-0.0036516053959895238,-0.03777312814237353,0.003494367844922827,0.0035774304797822954,0.0037573241546020653,0.007537235859004717,0.01237331874967956,-0.0020992194575927656,-0.0017692598013494978,-0.0017534015991022584,-0.0003008388998110655,-0.0025305471830460984,0.007591717914477369,0.008182068733205228,0.006783831151322688,0.009140208249973724,0.006976085431126894,0.007592775137325892,0.005784545942886397,0.0022720556618246873,0.002077022779502192,0.0015471309120292523,0.004304979986704949,0.0019753458608003393,-0.00026545618645642535,-0.0011392124856248662,-0.0015931777125751613,-0.0018240610231324104,-0.0004612182468976174,0.0018143866409762364,0.01973875961460945,-0.0037275612674957073,0.005136061520850861,0.006853326299695556,0.006825028968713789,0.0073923732753125885
6,-0.0007962205375781194,0.0003868339289021187,0.0002853388612982062,-0.0013101143551317602,0.0008123438257118697,0.0034231303724579893,-0.0024755406525628983,-0.002617097474282566,-0.0029053267198619797,-0.032997171470607316,0.004403827374508899,0.002392700546085244,0.003637161118617544,0.004881943353751112,0.010495911324820148,0.012962994224705655,-0.0012897815333007792,-0.0016193167147420529,-0.0020261250500834566,0.00010925463421740138,0.006804207073232889,0.008782897394368636,0.00949580358380208,0.007095205946954269,0.007480549475045954,0.01054055992013223,0.0061099129701087055,0.0037368069208890196,0.0009551368176112399,0.0019659682883088046,0.0037621063558588934,0.002003313036145893,-0.0007749361508589021,-0.0008833187293663648,-0.0014251892745047873,-0.0013728021697333346,-0.00020199503129979084,0.0003411434813988066,0.003780472168352219,-0.005065697987910435,0.00550049719648035,0.004760885387678212,0.005383624900097682,0.006873136990873413
7,-0.00013445000171118183,-0.0007244136453658871,0.0004099951047407227,0.00027669974226987923,-0.001223973520968878,0.0007594708386931406,0.0031270301455402247,-0.002252380449012449,-0.002381441597418477,-0.028866268356112477,0.003460006818462074,0.0032408131426278097,0.0024402872001035502,0.004566548274674361,0.0074445658018863535,0.011262294810055896,0.012661931250046292,-0.0011656684080831486,-0.0018898039259152525,-0.0011892212788790495,0.0063629080789767214,0.007605141654327661,0.009204103424605294,0.009344423528615298,0.005654642088117865,0.011228191084188762,0.0093644474848626,0.0039780511344946375,0.003012241807845042,0.0015098279924931916,0.0032405903023781492,0.0016128209592855044,-0.0007290973072591739,-0.0015930898415138204,-0.00165126431568205,-0.0013009203876417977,0.000433427087518788,-0.00025679321914846614,0.006201568724854176,0.009101233257024017,0.004751242311320466,0.0048741266150998195,0.004893856367339634,0.006330804986033365
8,0.00010951281940753564,-6.112185497495226e-06,-0.0006796301258674993,0.00047561871552792307,0.00035932498235457676,-0.0012436735690549748,0.0008205546570034103,0.003323490131828016,-0.0023846003390272526,-0.02475926151020353,0.0033781255679206355,0.002745088117509289,0.0033843489823476712,0.003167309116457475,0.006842648576906061,0.00818003841607565,0.010612008354017911,0.011710021540295712,-0.0013585775728284484,-0.0012326416843882043,0.0072104989436666675,0.00669975280616423,0.007795175943939709,0.010163112379951897,0.007722691110986902,0.009681139406938395,0.009275948713258042,0.007076691799797757,0.003069378761339149,0.0025456843529422235,0.0033690965960324615,0.0014000148674145213,-0.0006268810822390717,-0.000713805992454051,-0.001504452864860505,-0.001359399734508877,0.0003414621808051281,0.00017292384471066867,0.0048841017388988675,0.004950659924731162,0.004230692397609926,0.005408079878171189,0.004993146054174084,0.006193007265811674
9,0.0003474828343479832,9.319219375589003e-05,1.2224445713070256e-05,-0.0005609142513673095,0.0004370323993078722,0.00029505378673740356,-0.001037178994619729,0.0007124599932387389,0.002867712702072589,-0.0220747414048038,0.0029739751210882187,0.0024540356634242142,0.003025928549158273,0.004447331133376883,0.004720820446036138,0.007513841286580543,0.0075475984164698855,0.010455493822819233,0.012214297849575085,-0.0007086291134676827,0.006726744089082105,0.007652530479616579,0.007837506526526072,0.009031837273243533,0.008061408857449602,0.011289114860180263,0.008473435715376948,0.00790591797676737,0.0059906390671284485,0.0032125371505692833,0.0035939733470652475,0.001967629769659184,-0.0003146071387541204,-0.0005148217715140153,-0.0011295339704702522,-0.0010115041030891265,0.0005828852107094495,0.0008217579841463921,0.00667965540191336,0.006014370586720646,0.004181579993917702,0.005233096330726961,0.0049413292780818765,0.005760392365011377
10,8.778690356209612e-05,-0.00016557594957228143,-0.00017355428696560712,-0.00015402613310058273,-0.00034995806983866934,5.6145770854045646e-05,4.132384499853229e-05,-0.0004727636455397562,0.0002320555544154489,-0.01789036507616294,0.003267919257667748,0.0023300126338462812,0.0026092224410843596,0.0038541011589255233,0.006725316745833714,0.005393826583671193,0.007152514283222121,0.007474694948444423,0.010638202945002936,0.011302683360593096,0.005793907510752497,0.006970789685366496,0.009752984458292665,0.008752616118103069,0.007336879801477035,0.011455480595818582,0.01044277589166717,0.006674541700105501,0.0068830307902791295,0.004876772967625771,0.003651280363231732,0.0014030704773093602,0.00015240644521601423,-0.0007231169345499614,-0.0008526183293603077,-0.000722169184864743,0.0006996289154169736,-0.0005008471776728722,0.005496746344826092,0.005196723884800414,0.003940148600957667,0.005274611781195824,0.004825749872155834,0.005523132129697271
11,-0.0005419345611223968,-0.0005437750298962268,-0.00044122296351282965,-0.00034367383838242627,-0.00025919500389403813,-0.00023727683983553992,-3.423330407526945e-05,-1.852371676952079e-05,-0.0001627319500610625,-0.012913184010504786,0.002287221555636705,0.0025745126577430217,0.002503676305992637,0.0034504751691227524,0.0056399287625627575,0.007402293063427601,0.005181250058558432,0.006914072085336105,0.0076213679841183905,0.009657425392901289,0.004078577053325188,0.006324215436810857,0.00835018115213489,0.009247968235320361,0.006994555448459114,0.010322204725570966,0.010780914644213307,0.008626850710973362,0.005379830740456757,0.005408897978623559,0.0036579773474529607,0.0016434263835885517,0.0001289793668349877,-0.0004308766939496855,-0.0007767189551272297,-0.00047153959437038026,0.0008601786633387624,0.00011593775196698937,0.006206864689283607,0.0050628867607575125,0.0035090362275839644,0.00519383364844948,0.004661797592241409,0.005258847616262065
12,-0.0011390008756350606,-0.00044496269803914556,-0.0005041495385092686,-0.00036726881760295113,-0.00024589867809066086,-0.0001259622969163696,-0.00020231678658691582,6.70995730276149e-05,0.0001040197209991593,-0.009998235516020297,0.0025278446646648566,0.0019485663073692567,0.0028801690230679283,0.003194778426657506,0.005072522457488353,0.006272181345066086,0.006894055347210866,0.005085567279370642,0.0071156713208520884,0.0070890864248830876,0.0036623181739478703,0.00438908075486562,0.007192286553619936,0.008915525486655718,0.007743157049422487,0.010137163996252613,0.009941159722881275,0.008662321894277205,0.007229205271758922,0.004909132054761323,0.003932530456211848,0.0014906705194766246,0.0005356396088585182,-6.006483468920865e-05,-0.0007902811192903942,-0.0004975573651770047,0.0008678309331558945,0.00037512416081379046,0.006544454338994304,0.004625108387181086,0.0034695623137320024,0.0048570262110984785,0.00423393852550823,0.005218745194525603
13,-0.0015341395000663706,-0.0010186076174722757,-0.00019014405089596995,-0.00036289687566331386,-0.0002723655586217607,-0.0001515388184168623,-7.583151704619118e-05,-8.172138973060479e-05,0.00012597441897722466,-0.00790610133316616,0.0018944661001193837,0.0021323253829653196,0.002186656363786893,0.003522794651049551,0.004829983220901962,0.0055461834514919164,0.005840423085766843,0.006766559182757318,0.005072818595265122,0.006967537608867775,0.003695661066264021,0.003903370665123906,0.006076893448650163,0.008174757450814599,0.007043518884536601,0.010757856836064226,0.009649454965856478,0.007701885353587376,0.007502968800604555,0.005773912671797055,0.0038425119779272776,0.002125101701295705,0.00044389329650663023,8.892904529334134e-05,-0.0006589861506905221,-8.417626509911755e-05,0.0009867523623595606,0.0008565257766771725,0.007003212886756745,0.004702798819676022,0.003547345994557689,0.004735246175857185,0.0044673439344692385,0.005416207327549655
14,-0.001494237455112403,-0.0013447070412958007,-0.0008222589675856266,6.71224279524639e-05,-0.000242019078409615,-0.00014027749438890022,-8.161019241351652e-05,-4.036499743131835e-05,-4.6701753521117626e-05,-0.00403067364550061,0.0007496617905140497,0.0015933725516657567,0.0021070992055408433,0.00264029182513817,0.0052285079112540005,0.005203780664223241,0.005186329831065367,0.0055550475493782005,0.007060034765460026,0.005311109593768397,0.00425301837084836,0.003988595911467701,0.005014728269076884,0.006121976643214751,0.0064518471892703235,0.009918638261428112,0.010240117463893776,0.008002710449362066,0.006740992731778786,0.005893383337798017,0.003107663267420179,0.002177979619198016,0.0014523913389697888,0.00021304467247462833,-0.0005157425982045044,0.0005056147993098181,0.0017257587024539446,0.0014795543638889627,0.00723469984869865,0.004694031325010533,0.0038436287467998706,0.0048187579480604105,0.004169197881041485,0.005336245111767309
15,-0.0016219134683737695,-0.0013324010196721853,-0.0011501050807583273,-0.0006569938804745257,0.00025840400291291785,-3.882377659428697e-05,-5.217663530271145e-05,-3.497865136311804e-05,-4.281308906223433e-05,-0.0011299757528739137,0.00029830023850272526,0.000673042150520352,0.0017317011552329988,0.002817321924291223,0.004024323651908121,0.005948344790560143,0.004929356624034851,0.0051942334822682006,0.006036748619784517,0.006155596192889746,0.004155950958310158,0.0044408629772080275,0.00546937046645841,0.006457774891535635,0.004917247379226489,0.008929323127410805,0.009888360638070453,0.008690064508738393,0.006979356705700497,0.005723273577108331,0.0034815801154016866,0.001922370818093234,0.0015827860559721092,0.0009507231546031422,-0.00029925520660051367,0.00031316391639946904,0.0016380001908349736,0.001824331895344277,0.007499942566415314,0.00473498726403573,0.0038142435547636284,0.005145586889307595,0.004297082690514168,0.005610516234516404
16,-0.0015950889322459986,-0.0014316400026877117,-0.0011798108994679824,-0.0009755468743172265,-0.00045409823658518124,0.0003947751012100472,6.965712706601898e-05,-3.942440370589395e-05,-0.00012359555802228452,0.0011486631958036483,5.4549563473612295e-05,0.0003531811035741378,0.0007213486207613598,0.0021230546308269368,0.004293293214031198,0.004632512546723371,0.005487187857026277,0.004859634000907492,0.005481195138478197,0.005341718771456831,0.0017369931235823202,0.00527215392349527,0.006454924134935066,0.007296707617397654,0.005295753958516022,0.0075902046773560616,0.009344155092198388,0.008799613726697643,0.007779408346183672,0.005627965257622654,0.003939037025885353,0.002215101970768439,0.0015328316686546496,0.0014606195842689512,0.0007874872421885929,0.001292465139538692,0.0025525541550601052,0.0020198955299447307,0.004491358067842226,0.004723608394797541,0.004337603795142856,0.005824434891138539,0.005561628037077521,0.006571661661835413
17,-0.0016136133330684065,-0.0015261170051084428,-0.0013153939072951181,-0.0011149687311987019,-0.000834343913718123,-0.00037067633740135546,0.0004505144024871078,3.425521735506332e-05,-0.00011016076514188707,0.005213811761687638,-0.00020527583329158576,0.00017013340536946222,0.0003351975261323563,0.0008541031343865361,0.0033295964980515074,0.004729082993120044,0.004422156590150491,0.005492953631290357,0.005282647669054797,0.005039765965546452,0.00202124642953475,0.002732225799711777,0.007824931034043815,0.008482909738986053,0.0067019129901405555,0.008287571033274897,0.008802197389233749,0.008845974094776606,0.007949417840408153,0.006830151270506742,0.005101252948662652,0.0026145451273664544,0.002617999763444391,0.002318597864004912,0.002351155018081753,0.00427255298845755,0.00377918581319321,0.003143978978632653,0.0029348281532237336,0.00980723059257455,0.006169606569740646,0.008011867384057871,0.009353026333930788,0.007733970584207499
18,-0.001887129346862378,-0.0017429632050411858,-0.0015179158309878145,-0.001416019604753392,-0.00093496676226315,-0.0006566505568396722,1.8088477526762467e-05,0.0013274692268497412,0.0006907898868360568,0.007082378018302618,-0.0010556832300658585,6.966145753767524e-05,0.00020126864169637003,0.00035293810674111786,0.001547814731874388,0.0037791608013158654,0.004648753845188022,0.004732769164286728,0.005923034453366395,0.004852464053193425,0.0033338963762218456,0.004389801993011518,0.008261607478366484,0.011944887515968618,0.009999292421488986,0.012433530894286426,0.0124316033263808,0.011119671506582569,0.010338795401560687,0.008764172530667722,0.007007670487336526,0.004655064325006843,0.0042529530485948715,0.004887788627792078,0.009835633989451791,0.015620069422530768,0.008391911187324847,0.0068624187529564284,0.0013689689753426401,6.143875521571146e-05,0.01020300921578796,0.012350305894763873,0.013092040492190742,0.009039266340770439
19,-0.0021099272075113407,-0.0017806893899905106,-0.0016431767243912062,-0.0014221104414344748,-0.001185135849869733,-0.0006637175483601199,-0.00029897232370489134,0.0004408986645292502,0.0021180104539103963,0.008546189357997476,-0.0014359940487431884,-0.00042504218485618823,0.00020896981547109862,0.0002557544757033248,0.0010227475529563583,0.001759866187266346,0.0037800770554168987,0.0049287479574206166,0.004861248879119484,0.004947722330548935,0.001397527655593351,0.006380355578984959,0.005885900125242883,0.006371080557871384,0.009831821294077371,0.016395123326526952,0.016107164533805212,0.013158532812722088,0.011255279313798059,0.009938357026041011,0.008653918311377327,0.005831794918106525,0.005565115898899809,0.006808847647215486,0.011942767231681974,0.02071018772300906,0.010710648507758963,0.006595975619938215,0.0027405269119742757,0.001990592815143342,0.013071608613535355,0.012366566099133778,0.013036026462825215,0.010591559596992511
20,-0.0018687112301449431,-0.0021383660137130078,-0.0016571825836187142,-0.0015849226351756132,-0.0012720025271013662,-0.0010481666345243427,-0.0004449861024862768,-1.0954642303542183e-05,0.0008384682924514124,0.008015393832222373,-0.00162461081746434,-0.0005535431953972883,-0.0003287925876441372,0.0003335487757049425,0.0011668247958705564,0.0014139266979805946,0.0019651328070145395,0.004387447193723597,0.0058341896259309755,0.0039532621124918664,-4.471429164577338e-05,0.007804280655406908,0.00701073153916733,0.0040529808111085495,0.004521209844864232,0.020679937705925352,0.017621841534556093,0.01373679995154093,0.01104501851839626,0.009623043637381326,0.009255434925130465,0.005583380396957717,0.004675680762198122,0.005457402716814639,0.009674320500370684,0.013727235264173094,0.008229394586955227,0.0032841760099737846,0.0036648700621589045,-0.0011209789651594184,0.01144388231768584,0.011837374708700436,0.012547381189036203,0.012355642178707623
21,-0.00230044047369346,-0.002067090899054996,-0.0024302039951461453,-0.0018384097652365172,-0.0016263876929295822,-0.0012059217102931765,-0.0009216529545794154,1.7718774259493662e-05,0.0005280195432959593,0.009682857075113273,-0.002044806787300325,-0.0006595139993744815,-0.00047077230889586586,-0.00034168485499313145,0.0013496282110158975,0.0014325236009883765,0.001552986417531491,0.0024498179016170223,0.005176443726078101,0.004987403984359303,-0.0005443238506664821,0.010241627672996152,0.008124204498115494,0.005231929874017545,0.005047051378880973,0.020626031956808514,0.021414806126720847,0.014693249101289912,0.013381357057495685,0.010026510996186596,0.010244819362478964,0.0064081848077625755,0.0036001345216075333,0.00477593984962406,0.009153513019198907,0.012839273802813989,0.00796117964151633,0.0015182784512546485,0.0009992203697966493,-0.007431157226488382,0.010791541877158481,0.011357972191529188,0.014265728517929337,0.013506633524003475
22,-0.002739211567124767,-0.002421656954280571,-0.0020679861742933063,-0.0023616719367242725,-0.0016619570991820442,-0.001446627155047432,-0.000923538040341243,-0.0005360343935387658,0.0006954495671712367,0.009764301285300883,-0.001592369152320621,-0.0009265316830663881,-0.0004592430314122234,-0.0006268376559734858,0.00044992257146444565,0.0016759183703340492,0.001487434479740987,0.002079744031503815,0.003495246606698086,0.004294975446608703,0.0005597786721250214,0.012719874705849945,0.010498227110118356,0.005649606781488106,0.006752087388202459,0.023417705450760364,0.021191837573184512,0.016648685634538488,0.015652728889004666,0.012403733076512345,0.011754951367181818,0.007403558903753734,0.004832819930258939,0.00433951420897693,0.006867309554026826,0.010012852008944723,0.006761149174128947,0.0014776480316948724,0.0012478563009154882,-0.007715395930583544,0.012265018190221631,0.008720490574858039,0.012185097682401658,0.01566388325190185
23,-0.002543242310347473,-0.0026561190769839103,-0.0023136202860413856,-0.0019308775255810165,-0.0021938609208508974,-0.0013758817963280831,-0.0011192757230151598,-0.00048657776816636507,-4.587682073632297e-05,0.009977413596771284,-0.001347798036313561,-0.0006451316639804848,-0.0007622998408920681,-0.0006908827303140964,0.0002264037610747248,0.0006077614507254208,0.0016414542700338398,0.0019479847987383986,0.0027617788366416005,0.0030030880410266284,0.0027989905182522158,0.016731707092147347,0.012686008088457008,0.0062466365468130105,0.007162416316666504,0.025104498448896485,0.022278230641125503,0.01634147445429232,0.01887826583836859,0.01395755185790773,0.01327908237140338,0.009121536891105463,0.005044481691593605,0.0048770225913578585,0.006401070348380381,0.009064516731813634,0.00722880057857696,0.002006440216702305,-0.0002673439379762064,-0.008390637920900302,0.012515681018940614,0.01004161343984852,0.011299627548464702,0.01706420144031871
24,-0.002396137196969224,-0.0023190258649485847,-0.0025404759291970656,-0.0020712160344548043,-0.0016048108057260919,-0.0019259112606964518,-0.000977610338825437,-0.0006152343440301656,0.00011984761322947954,0.009198724565870668,-0.0015164514160303378,-0.0005537447258529297,-0.000549164205701221,-0.0009757785160182914,0.0002588344277034575,0.0003048829780599742,0.0004587379711935781,0.0019037870287184936,0.0026318267845140218,0.002663001694142621,0.0047445348210176826,0.020078378534787337,0.015023272618430342,0.005927422077882213,0.006322905022721726,0.02356786707174694,0.023367191796331642,0.016180748112893155,0.01686880532834543,0.014787466951384812,0.014510052535306793,0.010585592417969641,0.005580171631832148,0.004483571462933564,0.006179754631619824,0.007351624816830994,0.006663243575390779,0.0019102326148510425,-0.0016768390403217371,-0.006637995670578041,0.01258035752197359,0.011233710949863831,0.01337370762652006,0.01802363390694023
25,-0.002359716483321038,-0.0022215626827560902,-0.002142557773185149,-0.0023233640039464066,-0.0018535469107551488,-0.0013962501035835952,-0.0015670647510714337,-0.000541688199291447,-0.0002274172069147524,0.009964187885812697,-0.0016214332257429044,-0.0008372902522076261,-0.00041608183449720366,-0.0006279610888396737,-0.00039735216945405144,8.058109181704688e-05,0.00022282000069270467,0.0008880345184241044,0.002760463369561129,0.00261333793122971,0.00588321512617359,0.022601878455367368,0.018087396718259048,0.006934298416102585,0.006034390686745701,0.0234070361695948,0.02163093807060855,0.01626661314004745,0.017601059629639065,0.014155855531440695,0.014729884974131666,0.010462751575879883,0.00508568566702425,0.004826628632958978,0.004995162881581594,0.00700898954925193,0.004380429255738411,0.0010987301889916266,-0.004142777943045677,-0.005474933591083293,0.011976098916545554,0.011073799611528023,0.011652896988524524,0.0184009840098401
26,-0.002286313262895642,-0.0021104383208393543,-0.001886382776308639,-0.0018454215080316268,-0.0019268119739803311,-0.0015417593250647654,-0.0010810491291927597,-0.0011688651412185558,-0.00017858403624840624,0.009789628262856755,-0.001384961564429063,-0.0010310328976469467,-0.0007545221908600674,-0.00035973998732758837,0.00025134226870059416,-0.000370861397769946,0.0002530723321580034,0.0004617002341974438,0.0015181775374673227,0.0026705807756905757,0.006252582783836714,0.02388363373391241,0.019862827371874666,0.008897315802558746,0.006136657097090523,0.022565650284743655,0.020051778665076573,0.015030787901966016,0.01724419478101832,0.0141270337922403,0.014957910882711874,0.010792572068245512,0.004638975724030295,0.004294436095898593,0.00649232639606951,0.004744771934840795,0.0037174721189591076,-6.389619326140915e-05,-0.007346897865089706,-0.0046403397258227945,0.012248788544010004,0.00999245725215002,0.011493337580294102,0.019241905329163977
27,-0.001967903873683723,-0.001992102645309296,-0.0017072704306297147,-0.001547921434499409,-0.001521146107413713,-0.0016133305296072288,-0.0011985741101103859,-0.0007385490753911806,-0.0007005927412403807,0.009628645011215419,-0.0013893007081661754,-0.0009452670405676229,-0.0011894619746588165,-0.0007880653709567685,0.0004055326393977677,0.0003309256157740462,-0.00038988216894449677,0.0003573884097236877,0.0011767922719359272,0.0017173753686914248,0.00583983712659256,0.023564222582167407,0.020084888368237887,0.009443633899547218,0.006674682517090331,0.022649026093348033,0.018367237973196646,0.012645807866595237,0.015174350061378027,0.013060953665185213,0.013995032627308208,0.01017692211928336,0.004242972625679017,0.003863825110104432,0.004856754692410753,0.0054480134986208744,0.0032836802514378946,0.0005531199421738242,-0.009807873169420932,-0.002393045023577047,0.012814457231429268,0.010682207678634073,0.01152391382986349,0.018461175112184113
28,-0.0016026760421274846,-0.001596758541498324,-0.0016540756882658524,-0.0014266288080717951,-0.0012304336491488347,-0.0012013321223130488,-0.0012411066911476845,-0.0008965609989068853,-0.0004304743987308977,0.009038895781774914,-0.0017680965037151627,-0.0008886687909383063,-0.0010671942998773884,-0.0011930516152375945,-0.0002551957637503217,0.00018909939781622798,0.00011886952835711098,-0.0002589116155751449,0.0007916444087561769,0.002133021734696347,0.007651934659714916,0.02368805626678249,0.021678508147819565,0.011991665385643847,0.008998957706366799,0.02358282194779506,0.01988623703923054,0.011741437867375056,0.014150991650871083,0.014025656835337711,0.012984621885516804,0.009109967716513871,0.003700289065583412,0.004023257305450012,0.00494537758584833,0.003906499461843874,0.0027510465433107922,0.0006523804796414744,-0.010476770811411844,-0.001075553496376212,0.013019568151147099,0.010581485010825608,0.010899802531384888,0.017768739411597966
29,-0.0019119222296327734,-0.0013577890840494765,-0.0012856456884400315,-0.0012925967951240448,-0.001153535004234256,-0.0009419306678502796,-0.0009893811275549919,-0.0010174709532296958,-0.0006270054106540299,0.008731684141807836,-0.0011496041591779838,-0.0012993128376435968,-0.001165643140977712,-0.001047262735462908,-0.0008833470585739602,-0.0003949942456270066,0.000253171434004292,0.00016819160387513457,3.7790878615697886e-05,0.0014290457804618504,0.0070201947025990245,0.022485484076367353,0.018313386880699858,0.01015435200452714,0.007947368152319875,0.021159920217127922,0.016762486994503674,0.00977884145112482,0.010429112265902776,0.010175143310862805,0.011784655890999682,0.008319006486560573,0.003077085437742164,0.003711515177890063,0.004424675355025668,0.0037371914458487654,0.003129484961560243,0.00012351149351641854,-0.011413939557142925,-0.00033488289415002436,0.012912256290480213,0.011087094808148965,0.01069059903672988,0.017416261968443397
30,-0.0016791364595326764,-0.001594295634518863,-0.001033997366355516,-0.0010352689372789875,-0.0010774955178736742,-0.00088320805425096,-0.0006929149759246755,-0.0007561211832871731,-0.00067979992414864,0.007228324810686731,-0.0011972165843862628,-0.0008733442391646616,-0.0014846500187773665,-0.0011796197040647466,-0.000833204133958131,-0.0009538130199832538,-0.0004061573006499618,0.00014773648156878762,0.0005022477830468952,0.0013359682212950223,0.00787739286700435,0.022273759647566227,0.019219548757444783,0.009738428638185321,0.00794185470921318,0.020999708724339247,0.017618029920341945,0.00922850658242461,0.009989824532507758,0.009945365311602927,0.01131800395716448,0.007539810461796981,0.0025413035705315165,0.00302856773545799,0.0041267221128817215,0.0030107260022181033,0.003104752029155562,0.00034027704738512555,-0.011145535688097896,0.0007996622940112941,0.0129028673038453,0.010711628249262042,0.010240852734627192,0.016544578217926233
31,-0.001964433693323071,-0.0013250172725465885,-0.0012628703935315074,-0.0007831189171919927,-0.0007762860148193,-0.0008067594184694293,-0.0007423482485892854,-0.0005999323023759846,-0.0006000104455259747,0.00788149590887826,-0.0013052248998508477,-0.0008379253375730923,-0.0009388970211158489,-0.0015581522463533762,-0.0008420768984623676,-0.000801176325292366,-0.0011192935916899808,-0.0005032230500382097,0.00043879942738847,0.0008157429423668647,0.005688604144189743,0.018135497496712998,0.014445207736429693,0.007282379064618867,0.004073923356894608,0.01647006401165242,0.012625711351356716,0.006947096169805461,0.007005089740155371,0.005143825336587496,0.010432829841617343,0.00724742961685105,0.002233868515917942,0.0024213824428403422,0.0031902491361302833,0.003071912357970317,0.0035908919392053642,-4.685029969078802e-05,-0.011209860966800256,0.0012722983953429195,0.012201818653534246,0.010450056192367557,0.009758347019181761,0.015040903562799766
32,-0.0019243968619501838,-0.0016418177152400185,-0.0010681894797551694,-0.0009246586006111141,-0.0005913737417061457,-0.000665534998206681,-0.0006208886884556863,-0.0006062163116483389,-0.0004663324406879478,0.007451159116458542,-0.0009389993795262612,-0.0009601706563149817,-0.0009925462829877341,-0.0010409018364717934,-0.001574037182877042,-0.0009186373826419674,-0.000929644896777724,-0.0011761933234117027,-0.00015203445232893646,0.00029204275766530816,0.003993658513646959,0.014024627807105356,0.010736881341801383,0.0035885075266165077,0.0022645501720271223,0.01162839539950117,0.008173481436439868,0.003619589142947436,0.004682029047793607,0.0018714337017676868,0.009639657476612384,0.006371525257150516,0.002043191299562093,0.0017117524444836068,0.002506685720418536,0.001855185033048284,0.003047130593068162,0.00021110765257535927,-0.00943548789316422,0.0014308008419051073,0.011783818842884495,0.009340606636233692,0.00915219637200731,0.014062615172113206
33,-0.002409261260897235,-0.0016350349951475965,-0.0014278504861555024,-0.0008511284228102417,-0.0007737462871018798,-0.00043956615600697065,-0.0005428888684459774,-0.0006097693486717383,-0.0005154064746197136,0.006857905810001619,-0.0011556705060340958,-0.0006495022655539792,-0.0011432315651046321,-0.000930091343806396,-0.000654679971524172,-0.001495671570009453,-0.0008604327470580792,-0.0009643466657079595,-0.0009044850661650488,0.00039777378902122306,0.005105457434442518,0.01415917558515188,0.010681835002982294,0.0041395849722372854,0.002160327219903537,0.011397490196762642,0.006728731999856358,0.0029583862242763,0.004072760469935778,0.0013814552838777375,0.008703767871201229,0.006139021324519725,0.0016604797496379406,0.0018056343618368276,0.0017275739842932088,0.0017158293321757597,0.0027120231036338724,-4.291648146161274e-05,-0.008385521379767214,0.002219991211581183,0.011039681957224746,0.009872932416564707,0.009081235696157963,0.01211429028182134
34,-0.0023616899469217356,-0.0020353502878349846,-0.0013184102341594426,-0.0011077958097825647,-0.0006497417310530428,-0.0006550067331437475,-0.00035128714210996067,-0.00048225383664040196,-0.0005321149265911643,0.006252684473197079,-0.0014453697936549397,-0.001018118401252177,-0.0008551012541880393,-0.001042471839498329,-0.0005873761747523495,-0.0005439055057770692,-0.0015269774669613356,-0.0009857062046722896,-0.0007610027878739127,0.0002306994237981216,0.00635964719047661,0.013060553672450601,0.010352638465852238,0.003665851793618144,0.0023274740821309318,0.010233138640581122,0.006979005839378283,0.002535949169546316,0.004239772045241328,0.001846397701180163,0.007524701223250812,0.005818690090590464,0.0012939429663507153,0.0012533358815521422,0.0016865923580207302,0.0010926271420674406,0.0026908481881427,7.4345462547729786e-06,-0.008263310045033584,0.001649959916228024,0.010515130247859904,0.009166207197982354,0.008697602666044102,0.011764669554826138
35,-0.002456487586137561,-0.0020641825393877896,-0.0018568594722663326,-0.0012002542321531478,-0.000970059040032812,-0.0004967851485672634,-0.0005156639716439096,-0.00040216989530567516,-0.0004254182198322711,0.0065397954874131334,-0.0017879717349369678,-0.001135584801021146,-0.0012234708126046508,-0.0006670987377352354,-0.000745071792087085,-0.0003471867660573879,-0.0005728436841780575,-0.001541788391362658,-0.0007954701513823011,-0.0002616284304306701,0.0054633638711835434,0.01329997395166392,0.009614503190266967,0.004148686666412725,0.0020590703174122884,0.010065553475353217,0.00647844708003884,0.0031275127975339653,0.003505767894371091,0.0010084681148841306,0.006636722551025113,0.005146520580470657,0.0011724464613315118,0.0016572427319903268,0.0011992066148624164,0.0011447846147632649,0.002228884910449156,0.0001752095944773936,-0.007825545208396217,0.002007693841372094,0.010215382324565621,0.009152266598369917,0.008094309649812831,0.010451506913969077
36,-0.002791789108322372,-0.0021650409633521585,-0.0018019424002689109,-0.00160490187607057,-0.0009964659020210704,-0.0008089423922276707,-0.00042777350004277737,-0.00046297930577542926,-0.00036066628212957165,0.006855002997360766,-0.0015575729834197945,-0.0015288051101446057,-0.0014579204866785348,-0.0011027146631999545,-0.0002446869669743863,-0.0005652521576088455,-0.0004074618869911834,-0.0006029328771471905,-0.0014088070746480325,0.000668177113453725,0.0071368028479403284,0.015009474690129254,0.013084362491062151,0.006179356536097451,0.0049476674430476335,0.012085967021917929,0.009107710536653008,0.005382619275785212,0.005590837771776836,0.0033372925826123953,0.0058511057627653115,0.004537937883886644,0.0008659748792845906,0.0007175438825789756,0.0012186086808662242,0.0006092464546967928,0.002726535449829661,1.865229961332348e-05,-0.005672876758723179,0.002179001855298691,0.009140688867979824,0.00841087056655919,0.007792847599071427,0.009568687937502183
37,-0.002440853303951275,-0.0024261647565756005,-0.001904453622599354,-0.0015646629119567426,-0.0014598428664339233,-0.0008320778948946078,-0.0007487761429648832,-0.00029481452498179487,-0.0004727021310987744,0.006412276977021046,-0.0013299637481780657,-0.001254369599684179,-0.0019076158087027706,-0.0015205692930739707,-0.0007961397522151347,8.079022343249145e-05,-0.0007219087819973423,-0.0005268506480603607,-0.0004521967386688872,-0.000565152017550994,0.0048611235841092715,0.01088918718755786,0.011008702637568616,0.005388335437207874,0.003491987211436258,0.011386701350917041,0.007613364650119554,0.004365980872643115,0.004715500964412586,0.002124976648608257,0.004987079532654548,0.00393490691190488,0.00024236984919076066,0.0005974767145226508,0.0002638250187093732,0.00046771045622661446,0.0022145947871420957,-6.242881381091839e-05,-0.0048380293208680905,0.0015371560117922035,0.008320223946214627,0.007980300686602389,0.00724597961563877,0.00832956826379682
38,-0.002889329822895875,-0.002336373328833424,-0.002280886150065751,-0.0019019913605700122,-0.0015406148968667337,-0.0013905989899994137,-0.0006685442803903161,-0.0005315695503976627,-0.0002813115368986966,0.0063342144065666,-0.0017251889230705515,-0.0012117239127713635,-0.0016639677662029658,-0.001942905168507469,-0.0014243898989541846,-0.0007458387654246127,-0.00030056287228810317,-0.0007454376455213923,-0.0004067067996151054,-0.00016551267551239966,0.0040699348560029715,0.00983713423545616,0.00789966355404729,0.004616999840025935,0.003369013558768449,0.010142549878864494,0.007270361918573652,0.0034902181491343756,0.0038768268262438198,0.0018206393130177842,0.004450658277991378,0.0031822217533866047,0.00014235970393773828,0.0004978174005774682,0.00015113824441779567,-8.617751785245625e-05,0.0023307228339434077,-0.00027139098210472663,-0.0036710434309688445,0.0015095025129540402,0.00760655257082127,0.007477428310415604,0.006664574035911364,0.00843792561867288
39,-0.0033759736723043363,-0.002591669401742761,-0.0020020235506856394,-0.0021297653650364924,-0.0016515337153523008,-0.001401842663066754,-0.0011844847810298636,-0.0006288779187505257,-0.0005616251673034008,0.0061552515388128845,-0.0014733168941237478,-0.0014805480361347065,-0.0015439475962221734,-0.0016705727586801453,-0.0022015956495658314,-0.0013353734872722214,-0.0009891256857128988,-0.0003125367646621929,-0.0005940320501013077,-0.00012728965101041842,0.003369292316181542,0.010084237936061464,0.007808872128157127,0.0031512062759804153,0.003694130624374513,0.011277945175510446,0.006920845034557644,0.003909599639211601,0.003564926232081197,0.0014863025981286724,0.003995360912495744,0.0029873504215823152,-0.00016211148012162743,5.2803340844417254e-05,-0.00026736877947950615,-0.0003418676377689421,0.0016623247736012902,-0.00034812342655603777,-0.003559356366948558,0.0012142648267026862,0.006930078758747173,0.006283424793850129,0.0064783657030815294,0.007534811976163362
40,-0.002524771546125414,-0.0026630850437847613,-0.002009945971585056,-0.0016270183655860964,-0.0017028692080754324,-0.001434023304102261,-0.0012817926250412264,-0.0011807778565814948,-0.0009037716280448882,0.005378382477197391,-0.0016131647211413747,-0.001422746360298344,-0.001930682399499347,-0.0014518727476238848,-0.0017450109191115796,-0.002047578557238781,-0.0014713815031390316,-0.0010544922219050106,-0.0001414581842475019,-0.00045500412383484386,0.0026097700424314962,0.008900347346724184,0.00779036681486846,0.003262578697571972,0.002236586144076083,0.010957548299788603,0.0075037571040095985,0.003268044405928329,0.0037593945318472916,0.0012542917526407378,0.004010958511647895,0.0022361288476518,-0.0004552312164556097,-0.0003505681394910627,-0.00047290929898083454,-0.0007243674077840713,0.00128492021599546,-0.0002568220809628351,-0.0031099995966278084,0.0004674254262836913,0.006208605817508157,0.005617134189318438,0.005327585035341334,0.006660436219083598
41,-0.002709667398563975,-0.002396205123198539,-0.0025716219918618458,-0.0019278497049558213,-0.0015988049087631794,-0.0016792155130057717,-0.001432406700575536,-0.0013148886034116945,-0.0011655414266175885,0.006030162476137897,-0.0014909412189353574,-0.0013884265311259246,-0.0016983516237948002,-0.0019409215734993957,-0.0015239615743974455,-0.0017262746173552755,-0.0023166898463011926,-0.0016016292741816854,-0.000869536664651936,-1.6644493823109454e-05,0.0016618091593112597,0.008540167583641605,0.006862755786191634,0.0034021625627378986,0.00219029063828385,0.006668083878395018,0.007236593905796446,0.004238439723080307,0.0033321993745465874,0.001208165941066716,0.0036196644833439203,0.0024192017054008204,-0.0004842947853717597,-0.0006090044302705705,-0.0006937107938330974,-0.000757931581745792,0.0009025151609345352,-0.0007412531509446337,-0.0033030327134550663,0.0007108010741593463,0.0055829859229688935,0.004998161627498735,0.004674465023969428,0.005837196994972447
42,-0.00328804603010637,-0.0027977334960625016,-0.00252141112673401,-0.0025622653739555824,-0.0020208603984279553,-0.0013710530058057217,-0.0014885630952438534,-0.001274940486416178,-0.0012148755025139324,0.005597540668630716,-0.0015819156637991224,-0.0014634929327454183,-0.0017115212618912107,-0.001693101020337562,-0.0020750376361254666,-0.001508117487803327,-0.0018627735427102778,-0.002530149243061557,-0.0014225672512317273,-0.0007558772192482125,0.001677555120942094,0.007728053513060146,0.006418615107913669,0.002617032910515232,0.0027375270090457416,0.006594528945337746,0.004819247609759283,0.004189212056676118,0.004237078048175846,0.0010866190624029804,0.0034910588180976825,0.001953753219075604,-0.00042699576039258494,-0.0007363154815619622,-0.001012468518228117,-0.0010067434262834608,0.0005217605165199263,-0.000926881851941116,-0.0031740252535009633,0.0009773163181733735,0.005019246735602687,0.0044811797324213355,0.0042980021510641165,0.005575334944614566
43,-0.003630822269212995,-0.0030175130345104183,-0.0025201970723119083,-0.0022738520005136367,-0.0024522803438729417,-0.001887768720000358,-0.0013141173975832004,-0.0013527244014769765,-0.0013441438209315384,0.005358987916506993,-0.0019972741284216694,-0.0015521659359573497,-0.001683119633874201,-0.0017158130361067333,-0.0017462537082410944,-0.002179924061842447,-0.0016910708598984838,-0.002039884500864957,-0.002292124995680669,-0.001041734239476767,0.001956291621444172,0.008091240997203614,0.005916281533712073,0.002233863131205951,0.0018186098649865764,0.006895642161114746,0.004785387419371632,0.002503654970760234,0.00396623154572058,0.0017259432516441718,0.0029186491581722177,0.00184350011972817,-0.0004618559775658119,-0.0007297626962480565,-0.0011201089194760262,-0.0010861881328415462,0.00014819970294192877,-0.0012876399202834876,-0.0025815944676346545,0.0007901318004445113,0.004336773038289863,0.00400982742990178,0.003393787453113047,0.004402861106508155
44,-0.0034942553717222757,-0.0032862919970101387,-0.002702271261549464,-0.002327286185029927,-0.002279034186958892,-0.002348758502929375,-0.0019122544134981259,-0.001377841701642251,-0.0015497972409243485,0.00446969575803358,-0.002736983046145124,-0.0020076528202863553,-0.001854381315072954,-0.0017549651848464101,-0.0019444856155656754,-0.0017983163076386922,-0.002365325660969116,-0.0018085136855920442,-0.0019448156935929343,-0.0018792170142897457,0.0021824108382036494,0.007935108875237525,0.005725669437075917,0.0015685473344910167,0.0015958810221662525,0.006342800102623143,0.005088202222284915,0.002299009383981299,0.002659439795994839,0.0017327208937687548,0.002962316459595441,0.0014464316774640451,-0.0005103872680816954,-0.0010246336856871417,-0.0011378781401664697,-0.0010450527984839316,0.00015609179885251435,-0.0006991794245874073,-0.0030283024944103495,0.0011876470269717408,0.003693060150329272,0.0033406949218053547,0.003162992982109321,0.004143328055295291
45,-0.0037450142175659198,-0.003515595587070709,-0.003265079037474698,-0.0027147154222727033,-0.002411185618490512,-0.002229163194167651,-0.002225446516810174,-0.0018141349854135763,-0.001475967798759318,0.004118560119318003,-0.0029346920778011857,-0.0024275896103519096,-0.0023697803764791943,-0.0018034510258826942,-0.0016455461139222147,-0.0019741601644724742,-0.002090677867863158,-0.0025572494545015594,-0.00171917902027666,-0.0017135847107438017,0.002173200619445712,0.007839061650344818,0.005503730668191259,0.001509021348730268,0.0005586706132458196,0.0059338497588851975,0.004474318461785657,0.0027537687636209804,0.0027944455706466653,0.0006787522271557454,0.002429582465321235,0.0015336025839872644,-0.0007536583408749953,-0.0012583450204520226,-0.001344072082087958,-0.001380435991197098,2.015900147160711e-05,-0.001177887353054071,-0.0025822934412382706,0.0012736046588089258,0.0030935938330036226,0.003309669280431395,0.002590243459537985,0.003248888853381907
46,-0.004203436038047655,-0.0038115894977515906,-0.00349673125978733,-0.003145875507700064,-0.00283253018390902,-0.0022797156791235823,-0.00224285923879333,-0.0022333449255967446,-0.0017079662605435802,0.003186336986999745,-0.0034484969222376644,-0.0027836333171179935,-0.0030239869825484183,-0.0025523154154210616,-0.001924735575831858,-0.0017867446896617269,-0.0021132124925259442,-0.0022508548328463544,-0.0024638317911912424,-0.001680327493999297,0.0011473690065491875,0.007869906104851719,0.0056703149306527294,0.001961285307633898,0.0010660619414717967,0.005430689340785666,0.003964272875591074,0.002037906554892842,0.002886165898055462,0.0006903473670272712,0.0017017857647538567,0.001155790110961966,-0.0010538872698390956,-0.0013468335181629394,-0.0015276003186944402,-0.001440383493018242,-0.0003802497043085863,-0.0012116376630459,-0.0032316607738038052,0.0011750066073473702,0.00265112018757165,0.0025257124234378445,0.0022965523362458336,0.002463235817311735
47,-0.004155751041005984,-0.004077991589142347,-0.0037388050801152707,-0.0034815463661441513,-0.0031609640295195336,-0.0027826315376067307,-0.0024469048875025803,-0.002263915802714661,-0.002282463707797584,0.002649698979775767,-0.0029050760587646532,-0.0029688573419138086,-0.003295235889615141,-0.003138967096181795,-0.0027824723519923916,-0.0020454016797244036,-0.002108215375282739,-0.0023475141794781296,-0.0022422353867753314,-0.0025384894339498237,0.0006452533306458685,0.006325908315675229,0.0057256060554009645,0.0018790300745093714,0.001039182445957724,0.0054308924482453814,0.003604659021785658,0.0017462505191927805,0.0022689588969369056,0.0007665653883266745,0.0014544866874065694,0.0002216825707117018,-0.0011310409139543573,-0.001499101562340113,-0.0017344146961110025,-0.0017362329191018084,-0.0007051108053550982,-0.0012893476972481307,-0.0035808979120104016,0.001141791914249097,0.002103070240566157,0.0021166672029196676,0.0017162170560423749,0.0017981032593388834
48,-0.004470602024328782,-0.004272782403779322,-0.00403142904382957,-0.003865588329458929,-0.0034910859888196036,-0.003253821363395157,-0.00279168743430754,-0.0023824954124749068,-0.0022880223198912023,0.0022685229542389247,-0.003232958801498127,-0.0028436151516517054,-0.00358638488507986,-0.0035211833351254415,-0.003745437154736575,-0.002996442932261058,-0.0021589750467799628,-0.002133114524397242,-0.00228310502283105,-0.002402400753392876,0.0006028556319407721,0.005360127868740959,0.004028986102694208,0.0019318281014570312,0.0011473241822656463,0.005788504317458799,0.00382092519813065,0.0015309672929714683,0.0019972636607995214,0.0004576488951654863,0.001010015488896304,-0.00011094525356033404,-0.0015312855746854317,-0.0016673970871510543,-0.0017104142604892256,-0.001654839104368041,-0.0009346647322988032,-0.0012124391048556884,-0.0038614629157517175,0.0015959267089048872,0.0017689228191043664,0.0017518075119174498,0.00130263577340559,0.001350577455378448
49,-0.0048185206104580675,-0.004553749379798676,-0.0043133655931920575,-0.003933705868511731,-0.0038526410224520797,-0.0035349133584178334,-0.003217697074207003,-0.0028487077225876627,-0.0024313972900291106,0.002334220610173458,-0.0033105180644573016,-0.0031277147692464926,-0.00319143797032025,-0.004012246882689427,-0.004391916195144458,-0.003825646526915456,-0.003041643237094345,-0.0023907117195768233,-0.0021649929518210527,-0.002615430075384309,0.00025595578845391694,0.004827866859746108,0.003324087469686404,0.0010166318411650218,0.0014343977675922068,0.005486347866947941,0.0038383790339841612,0.001295789378692132,0.0014837992433072136,7.573595591947841e-05,0.0008002538736426729,-0.00016617593354554763,-0.0018267649817928725,-0.0020169305122539373,-0.0017130594752198494,-0.0018570645445418316,-0.0013195293406336396,-0.001393333837327487,-0.004352365511176316,0.0013974166276734968,0.0017839086332237016,0.0013634251436296047,0.0008601278686907977,0.0006344378353988827
50,-0.00523887983017037,-0.005150276244650092,-0.004556276919134533,-0.004292948336587259,-0.004130398866096816,-0.0038380823055427743,-0.003587089648174548,-0.003472991175528048,-0.0029646270517348847,0.0020315841302524103,-0.0038623390570464706,-0.0032433086470031857,-0.003604915711914314,-0.0034377154434559122,-0.004539934495406092,-0.004555800142765846,-0.003975561483521212,-0.0034528721205536006,-0.0024749269752651192,-0.0027090328930527473,-0.0009494255217706441,0.004226317078338199,0.0030545291975121957,0.0005887028697319845,0.0003053185468881142,0.0052275483983225445,0.003756099622401368,0.0015458275685613025,0.001556401350498811,-0.00011749855644630652,0.0006870596809013872,-0.00037223409388571034,-0.0020451994044538573,-0.0022272547670224817,-0.0020472929731850118,-0.0019859774854375286,-0.0013956468571205245,-0.0015544385868926057,-0.005059591089988592,0.0013458485386659354,0.0012288122185070722,0.0010072398016970079,0.0006433438694075225,6.568575932737782e-05
51,-0.005678286948143225,-0.005276482535686701,-0.005049532702342293,-0.004840217654205912,-0.0043661568843059596,-0.004231935688548161,-0.0038599110009575844,-0.0036596717433562374,-0.0032759368970367545,0.0025475483754169395,-0.003742236696110783,-0.0038084691565266177,-0.0038060414060591707,-0.0038994053293385992,-0.0038103753902144414,-0.004739318972432838,-0.004634218377685669,-0.004124724154443891,-0.003460932448063244,-0.002911189063370816,-0.0013067230351113185,0.002715813371622302,0.0024700457294101206,0.00016648466964591202,0.00012570612499854207,0.003807015841068263,0.0038795763447441963,0.0015825057579434854,0.0015469898156503803,-0.00018689324588575285,0.0004275211718109103,-0.000756782249617496,-0.0019308214266012026,-0.0026317967722343945,-0.002335532812412962,-0.002226756331261916,-0.0015247245146601033,-0.002029966465901507,-0.005884311064450874,0.0015365869381655857,0.0009312125516164533,0.0008185538881309686,9.658923252955524e-05,-0.0001739073611297022
52,-0.006034149876487049,-0.005940037502779149,-0.00529871982353897,-0.005221709220514061,-0.004752896296180485,-0.0045571660203050975,-0.004147618991944441,-0.0040996410693560316,-0.0036531515585449146,0.002212557674702872,-0.003989591466353493,-0.0038199351146197495,-0.0040906410778589275,-0.003933520969366981,-0.004466096403880947,-0.004034385181429231,-0.005176664029428115,-0.005054359510808408,-0.004420655005490188,-0.003724936971141857,-0.001645284110711444,0.0017344980950757846,0.0007978189281165146,-0.00038811122393061007,-0.0004102443116283947,0.0030489622125643677,0.002576306378171242,0.0019354153521293942,0.0015206624648578613,-0.0002385391954143792,0.00023308328804363504,-0.0010068183979281915,-0.002426830138354563,-0.0027158199969387234,-0.002476757277786777,-0.002734889330378489,-0.0019149385513885842,-0.0019478133793638512,-0.006942344586735963,0.0015588617115539162,0.0005117615465539454,0.0004907550109219094,-0.00010105135514077717,-0.00043407890896548064
53,-0.006947121916796727,-0.006441973675982827,-0.006082439277590769,-0.005419462650665109,-0.005241967203735885,-0.005125480736961014,-0.004476137643709067,-0.004393830439823308,-0.004108000380422979,0.0014545969404042684,-0.00439964247997456,-0.004289914201715966,-0.004232415511403565,-0.004337767068700014,-0.00421908824130559,-0.004762318933460288,-0.0042989569614169006,-0.005391533351089384,-0.005143220363614307,-0.004686758941253063,-0.0010221920515394475,0.0008747154540089369,0.00038005076490361527,-0.0016163570939658751,-0.0009214384830443015,0.0020455072923646197,0.0018434525139809145,0.0006078417936281937,0.0017982426605012633,-0.00025429336072130433,-0.00021969740816116812,-0.0014131707514030767,-0.002302338732705864,-0.002779324291910472,-0.0026976356518504546,-0.002743526850377047,-0.0021621511571682335,-0.0022248174469634853,-0.007111363374627774,0.0015307808541195984,0.0003651913962964449,-0.00011390098207957882,-0.0004550302762117268,-0.0006168966519144851
54,-0.0073211050275179415,-0.007613202330092637,-0.006554712094816354,-0.006258358985245727,-0.005661197325066095,-0.005601725377426312,-0.005203563400216468,-0.00461851414339996,-0.004476604325369685,0.00011117683530862261,-0.005224408136045348,-0.004613619246284459,-0.004558595638157541,-0.004273734830136902,-0.0048979119740082955,-0.004622006744983587,-0.004898563701259674,-0.004650978150406504,-0.0053807170118250645,-0.005011031891502585,-0.0009217546606767205,0.0011859066019840323,-0.00044882121910899117,-0.0018775878550650299,-0.0019906771330945256,0.0011289137386749427,0.0010782418899591341,3.73943609303717e-05,0.0004413370483428935,-0.00038464602607128276,-0.0006457730879313282,-0.0014578826676181103,-0.002898500496753772,-0.003247099441157687,-0.0031544871172467363,-0.002946463495700536,-0.002533963758588941,-0.0022198849046806313,-0.00799233290681729,0.0013266198017423147,0.0001608339291106299,-0.0003383214320971404,-0.0006455124229498652,-0.0012466823006613472
55,-0.007964175341861803,-0.008143457384667678,-0.007586431908344931,-0.00681901506410602,-0.0066709107559178695,-0.005984312739540608,-0.00561159276117547,-0.005310145697122565,-0.005054096974682387,8.883900743138296e-06,-0.00545703564246654,-0.005312181145108892,-0.005094542184473135,-0.004895297224813893,-0.004741640625228808,-0.005249856198943174,-0.0048406469849813505,-0.005320189758056937,-0.004821076175237026,-0.005442536327608983,-0.0007838451305855348,0.0006459487372077739,-9.172027935376512e-05,-0.0024189290083181133,-0.0024815941562992094,-0.0003145087869340911,0.0006219109478196212,-0.00029541286562243885,-0.00015086126308270164,-0.0012055355759759958,-0.0010709478012569937,-0.001792776752961294,-0.003111693222542857,-0.003497811984785271,-0.00330497175853775,-0.0030316480144863853,-0.0027622325527552117,-0.002208869133573098,-0.008298101844988267,0.0019537994770682937,-0.00021925900797709777,-0.0007895157291037699,-0.0011294913482814348,-0.0017456980259047232
56,-0.009239500404864102,-0.008646317195915292,-0.00816856061696895,-0.007961549483655767,-0.007205121349769352,-0.006834712367144633,-0.006186509967236643,-0.005971881120741927,-0.00540957708393476,-0.00036171296927592816,-0.006226078458953042,-0.005873889778944563,-0.005626315087124311,-0.005537394000448619,-0.005066166970601421,-0.004996704176279486,-0.005560690472374064,-0.0053028171783446616,-0.005587189273587945,-0.005270844120556132,-0.0015141855275741154,0.0004586663668513257,-0.0003290210310743475,-0.0019760981234930287,-0.0028168270436515794,-0.0011639888036674602,-0.000801697777875901,-0.000816860659690112,-0.0006982171926177261,-0.0015604245386430754,-0.0015103247832874314,-0.0022052764573960285,-0.0036266505592220896,-0.0037136424435268802,-0.00360310292387326,-0.0032571817864450172,-0.0029065313690006993,-0.0027290393867346542,-0.008995415943306762,0.0015372100719735983,-0.0007672762820335284,-0.0011606724452016745,-0.001446339556504323,-0.0021842987947737484
57,-0.009610483637416739,-0.009559999884279014,-0.008881219260219293,-0.008585709743778844,-0.008265929180181713,-0.007418718080510931,-0.007106952195893761,-0.006208744623206441,-0.0062227917427327625,-0.0011128873227110694,-0.0062231399143923396,-0.006423016180458298,-0.0065039244091764144,-0.006280356298046488,-0.0056616541052330925,-0.005652863913913781,-0.005443237136452092,-0.005906623824437244,-0.005604787942559287,-0.005877157592873265,-0.003042604521039578,-0.0007031306416732229,-0.00042525314055190963,-0.0020135706401627875,-0.002196656565285211,-0.002006735005083023,-0.002071418425142772,-0.002499547733766404,-0.001388978130429968,-0.002113124794739039,-0.002211257782025781,-0.0030125076266015864,-0.003769374736068806,-0.0042498055847489,-0.003965739064137996,-0.0037211505811599395,-0.0032916287895103135,-0.002942840091213568,-0.009012475412928085,0.0013869865805736276,-0.0012527922753054774,-0.0012339228172038815,-0.0019346306129402761,-0.0025360600918346975
58,-0.010626485755037853,-0.01014089943461854,-0.009655196587163305,-0.009562441467014217,-0.008969036688851304,-0.008525562641297967,-0.007622906455162574,-0.007355560434383719,-0.006721012469756188,-0.001604446524827706,-0.007046891176200023,-0.006775042298861868,-0.006620490681078292,-0.007163138780917061,-0.0068302358320692326,-0.006048249081554719,-0.006007146017492104,-0.005831354607915001,-0.006190238062766135,-0.005881039687078533,-0.002917562409511692,-0.0024570302586509286,-0.0013818948948492087,-0.00195980734097326,-0.002546807462108245,-0.001704084143595736,-0.0020147491842852218,-0.0027362995004180457,-0.0024753537554632913,-0.002779082136251689,-0.0026696177568917047,-0.0036465641779761505,-0.004304200930706954,-0.004537354163191749,-0.0044313754355585445,-0.004354684964077736,-0.0036600906062749764,-0.003360497831313244,-0.010175673306390283,0.0005677226816087216,-0.0013270576262562016,-0.001773837291398899,-0.001993983104590581,-0.0029470027218268095
59,-0.01145315585836264,-0.011382337415774695,-0.010454531355470314,-0.0102035399013122,-0.009648909667352669,-0.009217175448447058,-0.008628698999184255,-0.00777721957461218,-0.007704476212795876,-0.002413391474582191,-0.007912754765050009,-0.007445423998000044,-0.007219854235463552,-0.007173328261283048,-0.007879746187997416,-0.007198612196572521,-0.006532046460311437,-0.006289544993040754,-0.0060420340118657176,-0.006763999542560897,-0.003559342890543284,-0.002677805331095543,-0.003325160870051352,-0.0026723982520865017,-0.0024616101464933256,-0.0021447303246764676,-0.0019600761358423715,-0.0032269168457552356,-0.0030057162653732896,-0.003607052001782014,-0.0031821994516952282,-0.0038981357313770345,-0.004670705516889245,-0.005079554505015532,-0.004953619657252857,-0.004560121803748097,-0.0042548079810683865,-0.003564211647401664,-0.010768172217727719,-0.00015682168697263066,-0.0018782914938830525,-0.002478292016577654,-0.0025937230250740327,-0.003249271102496738
60,-0.012086717783972,-0.01194976494091959,-0.01161658537898605,-0.01127548514886954,-0.010724411818605766,-0.010313422820775827,-0.009648910881048465,-0.009016693066894114,-0.008459190838114474,-0.0037655359726035485,-0.009044313982999274,-0.008408319153520928,-0.008123540636963814,-0.007776428059614886,-0.008032513205068557,-0.008259021290510742,-0.007671385248804675,-0.007174451449434934,-0.006526934600737815,-0.006876223463720774,-0.004263197567045191,-0.003159896635721188,-0.0032097037996464124,-0.0042857537707642005,-0.0031072701975745215,-0.002424054214633383,-0.002339580614111564,-0.003048244947877389,-0.003872036139003964,-0.004073911399724236,-0.003927937665579287,-0.004480043629813155,-0.005006236347678033,-0.00563114805455191,-0.005084896275065733,-0.00519858045581903,-0.004514291900710755,-0.004088412986411365,-0.01122283214592867,-0.0010231364958670822,-0.0021089619032788774,-0.0029773799709667337,-0.0028593640341244,-0.0039348640758607835
61,-0.013405160089306898,-0.013140747834625386,-0.012297238383018386,-0.012406823980170872,-0.011570135644139825,-0.011232249115562042,-0.010786779288427995,-0.00980465973569131,-0.00956778738655045,-0.003962398824116888,-0.009504985116512004,-0.00941344873703907,-0.008933723193959658,-0.008809967302444176,-0.008106152346634374,-0.008526728988579426,-0.008743670975378998,-0.008271629551452659,-0.007367317097214083,-0.007106516009072148,-0.004861833921934916,-0.0046900149858467004,-0.004133120870169831,-0.004356616571899191,-0.004929583214271135,-0.003266354758305071,-0.0027489631893633003,-0.0034146803472770325,-0.003810033529884785,-0.004481393783070022,-0.004630682809392554,-0.0052271386100677655,-0.0055266885797447905,-0.006245174846324659,-0.005778556069846754,-0.005941354830697906,-0.005279200738171752,-0.004361516477402059,-0.0123422394338729,-0.0017646342947547767,-0.0028162183695030914,-0.0034669570497620284,-0.00338822727555725,-0.004525197471544632
62,-0.014850731267550725,-0.014501444440676189,-0.013455455578417222,-0.013109389507009026,-0.012769536977876248,-0.0120767154755159,-0.011704083482223775,-0.011058389807863308,-0.010484198424176616,-0.00570907474673165,-0.010705206732709725,-0.009943245563909325,-0.009732516524459875,-0.009997187298687708,-0.009646292559500039,-0.009004676535879497,-0.009048381710921751,-0.009402157626610728,-0.008756737303504101,-0.008166817699691175,-0.005415023775617439,-0.005595055037071997,-0.005466486980497854,-0.005783016374068949,-0.005015519691352634,-0.005183736294030581,-0.0036178319142994037,-0.003763961679309949,-0.003990263200244307,-0.004776767250951829,-0.005596034103269821,-0.005859448939788869,-0.006365128989451429,-0.0066062841077760516,-0.006084196306767367,-0.0063917716337901715,-0.005557847287377532,-0.005227891813602499,-0.013392080332160172,-0.002673698411725026,-0.003045460793277994,-0.0039681988291092336,-0.00380241080334013,-0.004956045509693442
63,-0.01730900488999841,-0.01600053175373619,-0.014824327727609039,-0.014085668882500619,-0.013895807661047166,-0.01348878572991698,-0.012869033925766514,-0.012087744417336196,-0.01162780047262269,-0.007100406198562398,-0.011563865617461406,-0.011363603828523819,-0.01081367748135143,-0.01037228944716161,-0.010224920762210257,-0.010251533088850679,-0.009561254982324298,-0.009379051268090789,-0.009967857818113065,-0.00893904346703843,-0.005779559051351298,-0.006237662959289662,-0.006108810313019115,-0.006308008367066901,-0.005511666935159712,-0.005280156250498655,-0.005148066712082699,-0.004430706881610381,-0.0042714956967820706,-0.005427329006058354,-0.006250826784752686,-0.0069566604784613946,-0.007097039891231376,-0.00708355969034361,-0.006678224144111848,-0.006529715443005335,-0.006189712426864256,-0.005837538210292701,-0.013929421691054945,-0.0035659711091972444,-0.004170099733143131,-0.004544980440159356,-0.004376945066723708,-0.005408163730220563
64,-0.018456009793108463,-0.018203788233782978,-0.016301556007634728,-0.01566821739889808,-0.014683154233898021,-0.014576461517046797,-0.014024058323972424,-0.013425215348472984,-0.012666225686275734,-0.008334221431428788,-0.013019176623372602,-0.012520994381225213,-0.012260211292078865,-0.011176281904412775,-0.011190148171057441,-0.011421631189803405,-0.010975765374758046,-0.010132895656962043,-0.00991667598438403,-0.010033076917200762,-0.006030285944883129,-0.006497139580098751,-0.006963906228094649,-0.007235448614758959,-0.0068527612458482955,-0.006429219607861639,-0.005330642612736755,-0.006429833898720997,-0.0052214364309809535,-0.0057982133336800905,-0.007062305885723934,-0.007520475243477571,-0.00766576710773194,-0.008233001323871158,-0.007451830257850425,-0.007535141673351256,-0.006907888511275675,-0.006181464698260819,-0.01390887037648852,-0.004270466346925173,-0.004622637487290331,-0.005364426590464806,-0.005054702065237813,-0.006196696963186459
65,-0.019785992387103882,-0.02036507098602506,-0.019091274705999216,-0.017255201313343595,-0.016569291966022626,-0.01546593265037347,-0.015060303110621568,-0.014785195019051935,-0.014000012699864112,-0.009771250969777698,-0.014615570317184665,-0.014183640823291032,-0.013278291383323806,-0.013069145528563742,-0.012226336285263673,-0.012161910268197055,-0.01247151019388679,-0.011528165970769198,-0.010780634394744384,-0.010763582919512514,-0.006224072793718208,-0.006737768358979084,-0.006960586243550124,-0.007606805588947348,-0.007268010203764966,-0.006953705618044913,-0.00629512203229396,-0.006721995181064875,-0.0071623100953194675,-0.006536711391534083,-0.0079482481025307,-0.008335104704116665,-0.008135643738738128,-0.00860176398592763,-0.008241191635634488,-0.008127922183255792,-0.007544055522885008,-0.006860652524284532,-0.013892887799391329,-0.005321932180403757,-0.005252905800072571,-0.006300304112330762,-0.005575868940386251,-0.006936046743871041
66,-0.020772742268716643,-0.021312212376817425,-0.020385075943782693,-0.02038905931227987,-0.01849904856000247,-0.017151901848541012,-0.0163386726944001,-0.015633812349132584,-0.015381201797091872,-0.010742075867520838,-0.016280698842974152,-0.015775972029696318,-0.014909512052332832,-0.014598131259943086,-0.014139382614456363,-0.01280146624172346,-0.012989671268407898,-0.012942011505064093,-0.012135975768936809,-0.011426376091361436,-0.009129688854158125,-0.007336144176042613,-0.007319774116119157,-0.008350570858634334,-0.008596137864980211,-0.008219961737086267,-0.007250326995786801,-0.007379950364935599,-0.0072480946149125,-0.0077955344596911365,-0.008896671588934046,-0.009261773988983433,-0.009153442933882419,-0.009316969560377268,-0.008737293003107115,-0.008225912201095826,-0.007945593668997279,-0.00744110023515537,-0.014336937213535385,-0.006367575709615626,-0.006253547814814467,-0.007065001968719095,-0.006328493896823997,-0.007828262650072915
67,-0.02260771907683582,-0.022537149738715297,-0.021579885769544588,-0.021716403266949957,-0.020972268096082134,-0.01918546222758647,-0.01798859504049478,-0.017139463283332202,-0.017299746593416668,-0.012598179111597265,-0.01726295779713787,-0.0174033642070431,-0.017090365992709054,-0.016299538128613417,-0.015530669092149394,-0.014697750664073153,-0.014302867860446844,-0.01395936619033732,-0.013375955310984554,-0.012975972720369459,-0.010323623986912127,-0.010427603127956394,-0.008391595263535829,-0.009222295878585758,-0.009328744972842987,-0.009257430736204424,-0.008823923407273157,-0.008801714877587645,-0.009094133184840222,-0.008444249634458688,-0.010113193228056743,-0.010540306056522623,-0.009872662744570966,-0.010364236370144182,-0.010047098791645755,-0.00978607191624943,-0.009202766654532218,-0.008690527077476553,-0.015690249867337285,-0.00832957876527553,-0.0073476001180888826,-0.008111900199455246,-0.007853986408704371,-0.00858769093251308
68,-0.02436823437114412,-0.024592888641232814,-0.023430796647086,-0.023513677961756685,-0.023178350651058794,-0.021653305039132015,-0.0199776844116669,-0.01883303819969614,-0.01836244493707214,-0.014216035768305603,-0.01930579756982505,-0.018508520610105494,-0.0183719321646656,-0.018488745980707395,-0.017498813876252406,-0.016559345215410075,-0.016435457036602076,-0.01516127943584741,-0.014855308213551011,-0.014532864108873927,-0.011151433041402557,-0.011723351700551016,-0.011293440883666244,-0.009955083797825027,-0.010034691826346335,-0.010340209488459085,-0.009580541219558014,-0.010368469422475777,-0.010196187372103503,-0.009754130484775265,-0.011026640429255483,-0.011814877436048383,-0.011454796462818552,-0.011571802970230496,-0.01105702861897103,-0.010539041249475974,-0.010422820788677026,-0.009514571667915877,-0.010111817183761048,-0.006929316576009329,-0.007813398323456741,-0.00884614214138888,-0.008582592476617065,-0.009284979080057213
69,-0.027208161157024794,-0.027119315929554334,-0.02542766864446178,-0.02499424268821403,-0.024639734814458684,-0.023576855364542484,-0.022785363247019557,-0.021122126991126054,-0.020145422549848274,-0.01598809295179566,-0.020264492863829774,-0.020509701934951257,-0.019927310032497883,-0.01999051514213833,-0.019784196613464908,-0.018843112747882928,-0.01773401824568938,-0.017397279867662513,-0.015832012911037533,-0.015674749776086915,-0.012892460702455448,-0.013027323616529874,-0.012897416671473157,-0.012747621638117478,-0.010555552899669661,-0.01087628044904479,-0.010809888576340737,-0.011355640175481779,-0.011505370297475117,-0.011055087788003393,-0.012273921881925035,-0.012658987881395791,-0.012215903187148883,-0.012847922440660419,-0.012022734689437615,-0.012102327226351297,-0.01142688231071323,-0.01045423263196741,-0.010263281282457608,-0.014334754122245332,-0.009935430763988158,-0.008645178797052414,-0.008592933334635927,-0.010370691809735157
70,-0.028968890208808332,-0.029791535107930315,-0.028183770758028182,-0.027396872624957554,-0.025994398046761676,-0.02580375268349948,-0.025232101548952484,-0.023823056430258838,-0.02222894778053643,-0.018844978355054876,-0.022521172411389536,-0.021863390032805435,-0.022097627045747394,-0.021317255579811446,-0.021714472024641995,-0.021470772543631878,-0.020999981266742847,-0.018737350879140587,-0.017974285379754245,-0.016748271865523034,-0.015044945057738091,-0.015039915096984342,-0.013833871252947817,-0.014502374591385248,-0.01379252414951701,-0.011930818005098943,-0.011709267026974961,-0.012421353051825906,-0.012685497205002146,-0.012146400452503398,-0.013546401788587032,-0.014352086417177468,-0.013513878753479824,-0.014092112414313013,-0.013290982806250436,-0.01339254993820517,-0.012670964452412012,-0.011635854150292177,-0.011458867302918426,-0.015784684253844227,-0.011279221827209803,-0.011222662268193616,-0.011182630142063882,-0.011725007812917921
71,-0.03236946368705881,-0.0319082010116007,-0.030555821594500616,-0.030520467100705363,-0.02926176393570725,-0.027386644595684562,-0.02717961179591823,-0.026659781855220905,-0.025381284958594676,-0.021269435646415202,-0.024238821028357296,-0.024116833292924682,-0.023686929780323256,-0.023817081972969473,-0.02305695015673871,-0.02366113480128611,-0.023455234604410936,-0.021834881536374074,-0.019826157787741234,-0.01915076677182456,-0.017362387564375404,-0.01779846753577413,-0.01598281432388155,-0.015676896728547537,-0.014933190155656315,-0.015084150994821478,-0.012774142020032436,-0.013408949350568262,-0.013961326841035225,-0.013508562443912098,-0.014959581816177474,-0.015304714353814888,-0.014724015011271893,-0.014955889202443902,-0.014716761032236037,-0.014786151614796116,-0.014262059768408924,-0.012733315936216677,-0.013212032154896707,-0.016742264677521317,-0.01301122602854488,-0.012899859804030748,-0.012379258902065973,-0.013043522140250664
72,-0.034805776779199625,-0.03513353039947392,-0.03349775955115042,-0.033212497076542176,-0.03187462674272534,-0.0303300834521531,-0.02902772959847368,-0.02866782551566499,-0.028523672831655827,-0.026846359659678083,-0.02720548081219282,-0.02607430493753762,-0.02605551983164294,-0.025491580770599254,-0.025624442502602412,-0.024879581528931945,-0.026027574460745738,-0.02488586057306967,-0.022693968430113034,-0.021052893263464812,-0.019210930929352398,-0.020152391412537968,-0.01835744561600168,-0.018150045194335645,-0.01687995737023373,-0.01694688549148643,-0.016031201086157545,-0.015151865378392122,-0.014986586318353435,-0.014967399317860813,-0.0162000908191466,-0.016840410303351212,-0.015975743368919916,-0.017165625783220038,-0.016036505867014342,-0.016535637710350205,-0.016072843328407437,-0.014244816689615549,-0.014568340569740088,-0.01812198800237675,-0.014568198248379335,-0.014338671045483727,-0.014051355758011298,-0.014066326413842034
73,-0.03875815701008503,-0.03934812403632003,-0.03679441709456002,-0.0362269069243023,-0.035529649750268504,-0.0336260295418964,-0.03202061259319935,-0.031581356533000635,-0.03131407072351039,-0.03117145421903052,-0.029402437498727136,-0.029642860518083788,-0.02824161491154234,-0.02825497753894344,-0.02769113294375592,-0.027663112990494943,-0.02766195539371198,-0.02728203425472455,-0.02601305664806465,-0.02418355481878711,-0.02138049000810815,-0.021801354273263067,-0.02117460378620831,-0.021041681907151104,-0.019839272782109934,-0.01826767890168806,-0.018046900511592467,-0.018788362429602964,-0.016253388567472098,-0.016447878747040214,-0.018122523752001747,-0.018180178638022633,-0.01765044674029939,-0.019009148972898324,-0.018136777846589403,-0.01835254626562431,-0.017388064905654838,-0.01622261372105042,-0.016566725573770022,-0.019665502924414165,-0.01594216689762637,-0.016101972645738562,-0.01506864972435206,-0.015587110851256265
74,-0.04344402837296552,-0.04351311281203669,-0.04053849206172284,-0.04036619937623368,-0.03955488677904688,-0.03703959972150027,-0.03614319926745087,-0.03441189350947941,-0.03398027472432457,-0.034501067361997546,-0.03332097936114521,-0.0324273771233817,-0.031635312496347746,-0.03057822379420469,-0.030346606032647404,-0.02985219721778513,-0.030503788045843888,-0.02944404984825983,-0.028982126771914852,-0.027269171969993244,-0.02344025346056089,-0.02510426127411911,-0.023066281315490295,-0.023386183364139158,-0.021973295228791285,-0.021346443183790156,-0.02050204702964621,-0.02061462838417132,-0.02046300161045596,-0.018655546390909276,-0.020275922063727515,-0.019940834885504546,-0.019192420791763247,-0.020487437046875865,-0.019921237119207163,-0.02015378146212531,-0.01949294233465374,-0.01810477010453105,-0.01855665315587908,-0.02136088999572286,-0.01835784550205424,-0.01739560070954348,-0.017160004705975826,-0.017442091524879463
75,-0.048301649918559286,-0.048667410437585226,-0.04516631438424741,-0.04519273886445431,-0.04272276495320636,-0.040879954942874004,-0.0400585609455976,-0.03740031606544199,-0.03761542222862636,-0.03571556436021672,-0.03584692455459716,-0.03616685636694023,-0.03521185666178216,-0.03431219714326519,-0.03217867111546689,-0.0329784078716615,-0.033171761072153444,-0.03265222972264691,-0.030765829051333127,-0.03022213021588073,-0.024776854416743613,-0.02752598403244686,-0.02578113414175061,-0.026143389930317007,-0.02494837918898072,-0.0247423641005572,-0.023619974517263,-0.02308858698784072,-0.022687923884305558,-0.021362316296149993,-0.02240865226821615,-0.022237219778343347,-0.020977401581090793,-0.022588324921436052,-0.02177935666587801,-0.022444776800061763,-0.021671826625386997,-0.020049338663671104,-0.021563685817268828,-0.02373678825122876,-0.0207412246943634,-0.019499199758240437,-0.019012149384688485,-0.01971687788376634
76,-0.05272718897723936,-0.05443762757930529,-0.05013551548003753,-0.05015081491837871,-0.047626231901691206,-0.04566393299598674,-0.04314199761849835,-0.042310319339053305,-0.041593615289900285,-0.03723248889947056,-0.03984468062065871,-0.039871392685947346,-0.039206261731423435,-0.037521313454690244,-0.03758516756477526,-0.0357687197326807,-0.03680175877741914,-0.0358726533001134,-0.03527761648115283,-0.033018325119970285,-0.02891251331643061,-0.02943230235127032,-0.02844845190782136,-0.02891262007080323,-0.027901602938450547,-0.028072680809485336,-0.02670001700638026,-0.026512967220603763,-0.025601179777869947,-0.024425198959151396,-0.025519366575534972,-0.024616969686203805,-0.023878943718076445,-0.024987969299283052,-0.023746890365491664,-0.024921168101915612,-0.02380497588462824,-0.02202104052549708,-0.024125136031677354,-0.027017464736162733,-0.02328096340870503,-0.022099043562899563,-0.02091334680876212,-0.02240589883017194
77,-0.05831346606249112,-0.05960691589750759,-0.055842859462287356,-0.056117997596589135,-0.052607907540921046,-0.050472944314703436,-0.04922802865866878,-0.04566918395526841,-0.04625323628547701,-0.04195061575592549,-0.04372533423073393,-0.04461422950629497,-0.04291463052403292,-0.041905838008944395,-0.04053873716378971,-0.04108527635113053,-0.039797636941177994,-0.03949443701192954,-0.03818962864285383,-0.03706568779962614,-0.03304132148583645,-0.033605690466809064,-0.02950985592605464,-0.032052370327253915,-0.031180226330460158,-0.030798110940586453,-0.031307878202029966,-0.030644337992775248,-0.028498620072890925,-0.02784593643052137,-0.028288272914780907,-0.027737133893419908,-0.026873701253171175,-0.028368468044792497,-0.026479972293653807,-0.027576330164137297,-0.026761319462441226,-0.024757998513654622,-0.027658002653479678,-0.02913610862125554,-0.027220235359932867,-0.025019073670890787,-0.023771361280765617,-0.023922713818327963
78,-0.06434004874141955,-0.06574720506475129,-0.060318137454512546,-0.06175383175010588,-0.05955619891404188,-0.056472889963028496,-0.05403041784168945,-0.05213678970560763,-0.05064127755349934,-0.04718771367767611,-0.04807920873941937,-0.04821204341323352,-0.04824238908264245,-0.04641612107813961,-0.04562477493698235,-0.04492553557706016,-0.04555180383518111,-0.042862019556849165,-0.04176141546923464,-0.042710561380132545,-0.03521742096934295,-0.038289970851775885,-0.03516271284642869,-0.03433790069086256,-0.03430390979798507,-0.03405064761572864,-0.034015437599206916,-0.035008062971005234,-0.03347436258356945,-0.031225192373554107,-0.03235072041847323,-0.03104545532634569,-0.02981441924406759,-0.03187537313013843,-0.029496611046323007,-0.030649457782666232,-0.029059653624118026,-0.027478160311775458,-0.03117415780193153,-0.03265445354958252,-0.030042129361456477,-0.028306420804870135,-0.026793524765640158,-0.02672283120322946
79,-0.07183755151957942,-0.07396631215444242,-0.06677051516271791,-0.06856122877129749,-0.06579121539291788,-0.06281159303824269,-0.06034085815263297,-0.057312719566485086,-0.05634068157182357,-0.05136965129062519,-0.053034884439749824,-0.05336300960859888,-0.05218635944752093,-0.052044978541989306,-0.05211723479951137,-0.04976795079802287,-0.04908853265954774,-0.04870954468706991,-0.04569889319326765,-0.045120917650610104,-0.04311665121390062,-0.04156971173588108,-0.03909379097293317,-0.03926435493161988,-0.03674515637943972,-0.038558171313914064,-0.03887592046574654,-0.038723085349769336,-0.037868525278429835,-0.03623882335931001,-0.03643708977366541,-0.035423252970372694,-0.034181551693908546,-0.03639860374435592,-0.033332753397938134,-0.03441540254600978,-0.033178733272344316,-0.03134403032929554,-0.034522682646347856,-0.036524242961287326,-0.03415147265077139,-0.0314699354091805,-0.03037175758395617,-0.030943571372538767
80,-0.07818214496194341,-0.08119647150423094,-0.07637133982092346,-0.07560151995323221,-0.07356356640955296,-0.07020291013460735,-0.06939914318788194,-0.06525414653300839,-0.06420396080833563,-0.057210515161846144,-0.059940269411024656,-0.06013765699283332,-0.05795962839775204,-0.057033849718362305,-0.055896789822537415,-0.05614452617914323,-0.05650412960609911,-0.05373223474638569,-0.05266533424812815,-0.05468582879482672,-0.04628762769524819,-0.050370710630387505,-0.045557761243055654,-0.046004350436796,-0.04229509335247068,-0.04215877418512398,-0.04405808443697812,-0.043134074242891424,-0.043475488340711244,-0.04096473597661246,-0.04158685362305921,-0.04076066786417918,-0.038729854262660804,-0.04074963998841436,-0.03772076213703867,-0.03883765018317949,-0.03731503885891584,-0.03527823927881142,-0.04016411927746779,-0.03980642704349517,-0.038222984633508664,-0.036062275051602,-0.03480103622363406,-0.03482838675924008
81,-0.08524703398693446,-0.09073926291352293,-0.08220734353320235,-0.0843097672021304,-0.08157236707981244,-0.0766348882441093,-0.07607005259414978,-0.07291600218305018,-0.07177103259605404,-0.0675222494518251,-0.06644188167839458,-0.06676131225811119,-0.06413357613314127,-0.06256962495358337,-0.061909433087103824,-0.061451407890203966,-0.06287280428553632,-0.060650856445435795,-0.05695731337244588,-0.05674250177123514,-0.053008864288984145,-0.05614766011045441,-0.05397717968291399,-0.051762405670023395,-0.04916571355798125,-0.04914006695754118,-0.04926525201432829,-0.04944338841419806,-0.04880059217331811,-0.04834828312197178,-0.04671319831087442,-0.04527883267317299,-0.04411546871303721,-0.04584929314136739,-0.042925126094019786,-0.044364881693648814,-0.042593652147679635,-0.03996275482136505,-0.044529010576257785,-0.04429096559041989,-0.04270768945155513,-0.04051995160642182,-0.039455873080093226,-0.03978414913332606
82,-0.09681222707423581,-0.09804098822678592,-0.09327189675463268,-0.09351758844955814,-0.0902242589978001,-0.08541529819474959,-0.08348296759267253,-0.08070068596851819,-0.07930076185306519,-0.078539690613686,-0.07404384812227678,-0.07358190986338178,-0.07166642443034091,-0.06860600193610843,-0.06746020150070295,-0.06841393134552744,-0.06986271316586647,-0.06919141966840017,-0.06454449229666384,-0.06065481630218859,-0.06415905815849066,-0.0615874358664484,-0.0550601469026979,-0.061978364962104064,-0.06037661415459064,-0.056398394799066554,-0.0558538358678686,-0.05446337628432701,-0.05585378228211506,-0.05193271699799192,-0.053496008081008954,-0.051715584272067,-0.04908481310132282,-0.05321272368564087,-0.048968550742757126,-0.05113120060786897,-0.04853751930052378,-0.04583810519315982,-0.05124820044100585,-0.050187204819181236,-0.04917077232669489,-0.045626739596578876,-0.04381236072072476,-0.04426251912792352
83,-0.10680752633346184,-0.11059203210366,-0.09800904390479728,-0.10151901797302945,-0.1004846544738197,-0.09402132442409619,-0.09316459458120759,-0.0881955400664045,-0.09034742285114918,-0.0900919229076536,-0.08337087864138751,-0.08333706790953363,-0.07891019628671195,-0.07804791494158496,-0.0751319121809596,-0.07474269877303177,-0.07549659849308044,-0.07667499761864803,-0.07277515624464427,-0.06863273345546415,-0.06829849819125224,-0.07583166618609227,-0.061777609970116575,-0.0653954459040295,-0.06537792174977075,-0.06929155015912201,-0.07176081366591873,-0.06914201860552781,-0.06677787597199199,-0.05998893802410043,-0.060383377481557435,-0.057639323283497995,-0.05591948665053358,-0.05964726402222966,-0.055802829838378705,-0.057754683022087944,-0.054811359852768665,-0.052515836253023175,-0.05932539230646594,-0.05728389686721686,-0.05540695933024877,-0.052295322612931204,-0.04953067091545149,-0.05007108843776424
84,-0.1152156953393626,-0.12309513035608619,-0.11072605578772127,-0.10850169615603328,-0.11023511192453893,-0.10494683597857263,-0.10291372638288186,-0.09833352450554672,-0.09901966860873518,-0.09631675036539171,-0.09371905728822066,-0.09288001098176053,-0.09025760532566317,-0.08558459084774875,-0.08337201360035926,-0.0830970245698681,-0.08566482906545748,-0.08437324230493222,-0.08172569132290884,-0.07751976193263384,-0.07725139808446359,-0.07868792987650931,-0.07601007420559486,-0.0745428227381346,-0.07225009176556955,-0.07242383832369889,-0.07446235831551469,-0.07465306878633625,-0.07189716414629349,-0.0765741534564975,-0.06853559098945348,-0.06538267576795571,-0.06370850054724553,-0.06857618598641135,-0.06303478991060704,-0.0656362465039624,-0.06208366099287182,-0.05969420869315339,-0.06864257101701558,-0.06451956554372407,-0.06379154215340034,-0.058490658080881996,-0.05653635611567775,-0.05746146277468022
85,-0.13358203168750163,-0.13164769851248306,-0.12314727340568263,-0.12317567051272255,-0.11704412983070979,-0.11552696752889378,-0.11367222527300658,-0.10888375751731838,-0.10894849707411042,-0.10676060698131704,-0.10400810351002865,-0.1036371692109397,-0.10121354720923194,-0.09641332921329697,-0.09252600602856861,-0.09272951832029643,-0.09369612289087716,-0.09327516668038521,-0.09072461066580807,-0.08587493245881994,-0.0876673902153949,-0.08980021176995095,-0.07951280250303301,-0.08594244974970584,-0.07951890891562366,-0.07927464556544675,-0.07771180806853573,-0.07895190036294869,-0.077545468701834,-0.07717696191485383,-0.0783577221465392,-0.07412319437167876,-0.07210315108520343,-0.07669161538919465,-0.07169080327536036,-0.0738751258526071,-0.07187517306307803,-0.06891133132829912,-0.07830295302402411,-0.07447767801028522,-0.07263946331792512,-0.0668759158682794,-0.0637588318417334,-0.06606919647021511
86,-0.14782954497886056,-0.15356084561382574,-0.1343913652560619,-0.13611465717829627,-0.12833115468409587,-0.11797822783548813,-0.12716326895704186,-0.1197728769959532,-0.12139073979155988,-0.13636950772640438,-0.11457250311268564,-0.11491352441865549,-0.11223263233575986,-0.10791331740169455,-0.10495118203895525,-0.10307373110643478,-0.10432170472283733,-0.10303557583079392,-0.10208972566676955,-0.0948380694128007,-0.09669282675234533,-0.1025190521160477,-0.09277443154422513,-0.09412159154628329,-0.09254914804969266,-0.09090376425006134,-0.08911536368063712,-0.0870791005187676,-0.08442138016432711,-0.08595564068819635,-0.08798468069585305,-0.08440735436933156,-0.08160612547127716,-0.08730564761883577,-0.081417635749789,-0.08560762765663395,-0.080594830146962,-0.07872117619330336,-0.08900327371701955,-0.08464077975161138,-0.08469882434914056,-0.07704823782890698,-0.07404259289012817,-0.07415829828339136
87,-0.15138849619531144,-0.17023210119120716,-0.1542238877859098,-0.14866347334006755,-0.14439774882882506,-0.13241821962728945,-0.12712175558505381,-0.13185941649289776,-0.13451120852489398,-0.14641873278236914,-0.12955586693326196,-0.12637537872747567,-0.12541547581242724,-0.12201124953337847,-0.11792317854990228,-0.11542465419670643,-0.11599028560753415,-0.11570729433698439,-0.1104990978947527,-0.11690694758977677,-0.11040592153350423,-0.11632080544739519,-0.10028957135282841,-0.1068256017007061,-0.10102930947564563,-0.10451456942246919,-0.1034054929384562,-0.10208751031961316,-0.09396938993796308,-0.09722227573797147,-0.10040480031358832,-0.0954063211686941,-0.09216359550561798,-0.09938456771867563,-0.09092903100019498,-0.09614114569208927,-0.09189507007397713,-0.08934180242414956,-0.10158129774576825,-0.09636276094727007,-0.09735107402815987,-0.08916579037346219,-0.08543971744869232,-0.08177121523366003
88,-0.16463233105090802,-0.17284737513037432,-0.1731884915936538,-0.17095631641086187,-0.15472059198775198,-0.14892392116512942,-0.14273038407909747,-0.13318880907698613,-0.14761704355323801,-0.14842648163971217,-0.14298189826196736,-0.14192953262914196,-0.13811842989537615,-0.13403209798842924,-0.12980031275447332,-0.130513107218288,-0.12818859585975498,-0.12379419223310625,-0.12290672426337892,-0.1211636684143916,-0.12615557221932833,-0.13729495154057572,-0.11474027640309395,-0.11763372620126926,-0.11353847897540519,-0.11416503992901508,-0.12037774757463561,-0.12059700956077923,-0.11743767567709565,-0.10981562171327997,-0.11323235039287742,-0.10797018564838673,-0.10452306974345119,-0.11165502273339353,-0.10402658326817826,-0.1096178961115558,-0.1025905309194108,-0.1019551897576589,-0.11492432499652531,-0.1102768636299738,-0.11137419017911332,-0.10202479010056492,-0.0970730411686587,-0.09167586941139906
89,-0.18912899877323772,-0.19073414112615822,-0.16966725043782838,-0.19373142877599972,-0.18070936719888753,-0.1580909543718775,-0.1582590924137534,-0.1459008240022583,-0.14246786696363026,-0.15696050096339115,-0.1545556751006395,-0.15581596260771327,-0.15228388946270105,-0.14793993068925684,-0.14507743053614358,-0.1434060701420231,-0.14454684734030307,-0.14028046039735478,-0.1343325932283945,-0.1309652892993847,-0.15362559226471742,-0.16266425604947005,-0.13648832639154376,-0.13405938134084228,-0.12464423323914718,-0.1269618027808854,-0.129142893775242,-0.11933825292378186,-0.12139945027435192,-0.13665113925557723,-0.1272593121274667,-0.1203174710132023,-0.1183051754991616,-0.12804688500009143,-0.11783325902808739,-0.12484837907413063,-0.11918618405488526,-0.11633239851005164,-0.13151366785741925,-0.12361510010951092,-0.12795997326149047,-0.11435355970027757,-0.11131657517095252,-0.10464614612258985
90,0.1660997732426304,0.02439251466343916,0.022657213316892726,-0.004745634016704632,0.03985080922673889,-0.016707224801128812,-0.10084440380788469,-0.07162520304351543,-0.08193393034199468,-0.22674443912418926,-0.17064251635574093,-0.1732298101121025,-0.17243958120129102,-0.16299280146208645,-0.16370661605206074,-0.16062865114656902,-0.16207776639146154,-0.15576630414609702,-0.14680040757011376,-0.13860071783273514,-0.15488860827996753,-0.1665995700754267,-0.14569805829799884,-0.15391426596347876,-0.14028577440272386,-0.13991595652275982,-0.1431552740453264,-0.14422687621922042,-0.13344667154706663,-0.13954597260019072,-0.1421224710256101,-0.13599115899986186,-0.13256077343532,-0.14454583712890012,-0.13210267487338653,-0.13895486935866982,-0.13312160976388002,-0.13065984295034574,-0.14764022237949623,-0.1382119540747411,-0.14402184163868875,-0.1328130081300813,-0.12681866074831305,-0.12017946939483266
91,-0.4599026272276318,-0.4861006761833208,-0.43360901572298466,-0.4451717084723867,-0.45459554538326236,-0.4247832956146719,-0.3973463106230763,-0.36062926187342986,-0.3495653455134817,-0.28813878936451065,-0.18293552503189972,-0.1877023768515329,-0.19058819460057763,-0.1802615933412604,-0.17276413707054053,-0.17747426440787875,-0.17647440725062977,-0.17352578080832554,-0.16665567499835124,-0.15628884951594116,-0.17187024353120245,-0.18126595337833631,-0.16155963469986692,-0.1650793941502903,-0.15674142346990297,-0.15779285793747913,-0.16035701613123346,-0.158711846059622,-0.15425474720973742,-0.14952174823710115,-0.15910227472393798,-0.15051005030174347,-0.14805198127446215,-0.16166795970758352,-0.14764143599962637,-0.15688560537872792,-0.1473514306676449,-0.14747375988497483,-0.16590270756094821,-0.15663839742652436,-0.1631210305474375,-0.14836196971282825,-0.14348930151825223,-0.1382028241335045
92,-0.25198198198198196,-0.28220937154519943,-0.21985724114207086,-0.23491655969191272,-0.2547246691761419,-0.21067764998445757,-0.17953381337688368,-0.15753330112499137,-0.1495930395733932,-0.13172499716842226,-0.20108368452739314,-0.20255839055646144,-0.20202705568042068,-0.20008119484626397,-0.19375302195145538,-0.19426488544135603,-0.19462921901946292,-0.19109786670450782,-0.18396549076542934,-0.17546428194576344,-0.18832592730099432,-0.1989592547069027,-0.17655557486747198,-0.18592921123575964,-0.17186728818206745,-0.17467367756403976,-0.17322273003460756,-0.1758500747675704,-0.17204483120576983,-0.16544192432872254,-0.17746728619042146,-0.16733772130739125,-0.16584665846658467,-0.17832960499647185,-0.1649010608682567,-0.17461059645226337,-0.16542953356738554,-0.16450058511736765,-0.18921562674977907,-0.17399620166210955,-0.181631856938519,-0.16738200215901258,-0.16066288479077862,-0.14949524012059195
93,-0.28325199233953174,-0.2693002529206311,-0.2371305017475268,-0.24042330375351376,-0.256554110738255,-0.21963030460817495,-0.19395490794525944,-0.1799140465957928,-0.17273583746364643,-0.1741107444077741,-0.22286720584398642,-0.2211002260738508,-0.2206606572012787,-0.21533719508954668,-0.20557202767315758,-0.21733394103677406,-0.21101776123726962,-0.20585296216987867,-0.20601134436582655,-0.1919254127106321,-0.2046934237678563,-0.21812776054546235,-0.19336612507707973,-0.20131129374826853,-0.18812092725136204,-0.18712668035229454,-0.19241017253205298,-0.19309176891615543,-0.1834730302731486,-0.18176427286111566,-0.1945828191886416,-0.18722304283604135,-0.18248414713007557,-0.19687316861069626,-0.18178662135248222,-0.19179587901939762,-0.18280873813907378,-0.1819867617894764,-0.20672637242220263,-0.19341015933768774,-0.20325315939665717,-0.18684361853454798,-0.18021634709259188,-0.16657804082953784
94,-0.3281509302122456,-0.275900706774694,-0.2659469259930773,-0.2584252213076565,-0.26021333720339596,-0.22928274208336272,-0.18896376859945285,-0.1816904849151093,-0.17337819947043248,-0.17800554565260449,-0.24140840067489566,-0.24129248845992446,-0.23641640866873065,-0.23118140497394774,-0.22102946156451067,-0.22746377055243602,-0.2313727894075459,-0.22887244379166197,-0.21694358131532318,-0.2084990425688614,-0.22506139385214666,-0.23943520325039724,-0.21005868480228157,-0.22409287276218243,-0.21054457162677767,-0.20925986842105262,-0.20892531282586027,-0.2000816659861168,-0.20124341662376746,-0.19663301289792764,-0.21569411470698488,-0.20871950066200112,-0.20010560310424008,-0.21614601780359377,-0.19865593296141987,-0.21121036176864671,-0.20298757036954462,-0.2044127682159375,-0.23162578844075019,-0.21579319083525478,-0.23051371982669694,-0.2086040871460587,-0.20098632176421327,-0.18465906384276065
95,-0.4023601065854587,-0.31162246489859596,-0.3417450303535293,-0.30773548894128216,-0.29895287958115185,-0.2912211868563021,-0.24899341142020498,-0.24993829699712053,-0.23539070079856705,-0.22662662662662664,-0.25564725016565265,-0.2528533801580334,-0.25785398230088497,-0.2520906188231717,-0.2341264119202115,-0.24022953527800722,-0.25213266016713093,-0.24312146104155036,-0.2288560858576609,-0.23382415636375561,-0.24596011289972394,-0.26365250648818467,-0.23333245180229023,-0.2476798815061677,-0.2313032719274127,-0.23206962925767846,-0.23164922936123303,-0.2154758717278026,-0.20906584992343033,-0.21352436666501412,-0.2330356874417486,-0.22798241141983175,-0.21862077208079359,-0.2425507744738337,-0.2235141729674368,-0.23295195852365355,-0.22310458071456882,-0.22164876356719257,-0.2531075138527726,-0.23435728627429556,-0.2523409045758559,-0.22992465881974422,-0.22296213923657804,-0.20138581576802142
96,-0.46817625458996326,-0.32229299363057323,-0.37544853635505193,-0.3132007233273056,-0.3143042491080117,-0.31142643764002986,-0.24868530307223913,-0.2895089557694651,-0.2766260831413842,-0.27203513909224014,-0.2658555526792648,-0.2681880715383993,-0.2845280062671367,-0.268445371888508,-0.2547943348919157,-0.25034517384209864,-0.2583395319562854,-0.2587441075481581,-0.24118855697803065,-0.22101363226143542,-0.2614818302444035,-0.28040804574061123,-0.25595458930028936,-0.2714039323904795,-0.2510536192204756,-0.25321172017049687,-0.2564843068875327,-0.23968597726042232,-0.2181880234176052,-0.22366790582403964,-0.25863590519415025,-0.2404939239513916,-0.23591563828470016,-0.2575484107803848,-0.23746985265803286,-0.24919501881522288,-0.23723815723968905,-0.24481169032305086,-0.27594386242340385,-0.25625227852716004,-0.27514048702167515,-0.2553496776022107,-0.24591334018070088,-0.22303762501456076
97,-0.5091356289529164,-0.33755274261603374,-0.43389724310776945,-0.3658905352283036,-0.3499210110584518,-0.35856196783349104,-0.2824295010845987,-0.34057837539141644,-0.29600411593208714,-0.23654283548142532,-0.2861356932153392,-0.29055007052186177,-0.290390357182351,-0.30022993539910214,-0.2896291768541157,-0.2928071292170592,-0.2764336542486396,-0.2731831507483413,-0.2672528852948104,-0.2375893910990766,-0.2806707317073171,-0.30566825084038485,-0.2707213901909226,-0.29837945649463976,-0.2729855127355364,-0.2787726936663107,-0.27440728027460687,-0.2596921949432026,-0.2414370148828598,-0.23451981195433177,-0.2804269752593775,-0.2705552248958422,-0.2524903225806452,-0.28450278182898503,-0.2599917593737124,-0.27421326812672764,-0.2548634613894128,-0.2644341801385681,-0.299925205684368,-0.27602809420991237,-0.3034655163962551,-0.27714609175034455,-0.2675738040297833,-0.2363044532169818
98,-0.5539936102236421,-0.3521832498210451,-0.45338737695425596,-0.37797454344216935,-0.35050071530758226,-0.40340218712029163,-0.3137905604719764,-0.39238210399032647,-0.34720670391061453,-0.20901339829476248,-0.30009930486593844,-0.3106686701728024,-0.31709741550695825,-0.30730871123577996,-0.30949773118447815,-0.31521583249677326,-0.30423042304230424,-0.2710864283234988,-0.2654707568198705,-0.26733097610628953,-0.30397960112922323,-0.33025345426803426,-0.2900667779632721,-0.31611537858598526,-0.2972780896880108,-0.2920682469393071,-0.29671393587334133,-0.28615435392485833,-0.2704053853388111,-0.2599859187984041,-0.29263905948412,-0.29007809972734416,-0.2781209931227416,-0.29973071877373475,-0.2747244451155066,-0.29315144766146994,-0.28040429193979566,-0.2871506830316899,-0.3135963415466521,-0.29252826027019574,-0.32000959857392614,-0.2887403237156932,-0.2778591127302441,-0.255643249212381
99,-0.5826086956521739,-0.36962750716332377,-0.48066298342541436,-0.4025423728813559,-0.35587188612099646,-0.42290748898678415,-0.31907671418873046,-0.4228909188608275,-0.38855721393034826,-0.1279418057338468,-0.32553125962426854,-0.32264472190692395,-0.3196185286103542,-0.32654051431344006,-0.3140607424071991,-0.33378653976886474,-0.33675392670157067,-0.27739789318055813,-0.26412698412698415,-0.2968208092485549,-0.31237203860778007,-0.3496009420384666,-0.31514998101506136,-0.33192239858906525,-0.3186246418338109,-0.32817556634304207,-0.31294269156471344,-0.3078791805004454,-0.2905139862834245,-0.26791044776119405,-0.3210072307497146,-0.3083410852713178,-0.30165343054289806,-0.33327950912320364,-0.29550384539538554,-0.30373685854064747,-0.2922410397794407,-0.31699745547073793,-0.33681906614785995,-0.3167603042808134,-0.34708690568978956,-0.3023290986085904,-0.30770752943504504,-0.2785950023573786
