AGE,1952,1953,1954,1955,1956,1957,1958,1959,1960,1961,1962,1963,1964,1965,1966,1967,1968,1969,1970,1971,1972,1973,1974,1975,1976,1977,1978,1979,1980,1981,1982,1983,1984,1985,1986,1987,1988,1989,1990,1991,1992,1993,1994,1995,1996,1997,1998,1999,2000,2001,2002,2003,2004,2005,2006,2007,2008,2009,2010,2011,2012,2013,2014,2015,2016,2017,2018,2019,2020,2021,2022,2023,2024,2025,2026
0,817477,818381,819104,842382,842375,845988,848197,844586,875120,879979,889998,912475,945973,1002465,985291,968049,932544,916506,921690,886675,856311,872739,867836,867931,825679,790995,743536,708474,671652,642387,604733,626927,605776,590856,583077,556438,554688,571595,561801,569367,510808,570454,548535,532848,522979,531568,532078,526625,531499,533572,523007,535656,542323,558500,551127,556884,560700,570791,562322,553218,537347,534047,512140,499940,482977,469956,455066,431007,414974,404956,400626,393920,380630,370444,358173
1,838469,798213,801482,804755,826629,829171,828952,833901,830694,860289,858485,880249,900929,934660,990049,972771,957294,920868,904013,907580,864543,857353,870614,865334,864754,822888,786339,738888,705123,667581,629158,606306,624283,603365,588239,580266,554381,551871,566505,557878,523100,515792,569101,546864,531145,522319,527973,526268,523837,529686,529233,526577,538020,545596,559067,552870,560028,563021,569963,561694,551720,539163,533916,511448,499707,482975,470412,455746,436785,423269,407634,404252,397193,384306,373141
2,851858,832838,795076,796330,798566,820876,823432,824483,830368,825413,853725,861157,878554,897141,929925,983678,965386,951718,914126,896282,898256,866471,861107,871092,864764,863441,821730,783024,735336,702691,664235,629773,609248,621942,600956,585690,577285,552409,548842,560543,528383,527345,518846,568371,545689,529960,521954,526227,522615,521284,528131,533126,531043,540860,548487,560347,556146,562640,564317,569064,560943,554476,540449,532895,510117,499100,482810,470813,457314,443571,425183,411247,407572,400459,387183
3,907767,847145,831369,792836,791849,794111,815203,820437,819961,827078,820970,850595,865570,877481,893474,926358,978682,959393,945365,907553,890009,900089,868683,865188,871766,864398,862317,820763,779895,731887,700498,663038,630380,611971,619874,598859,583436,574662,550674,546165,533465,530997,530035,522199,567435,544639,528617,521916,524753,519099,518790,530847,537507,535545,543768,550808,563000,559193,564536,565219,568135,563518,556034,539900,531804,508569,498644,482946,471696,464239,444638,428451,414581,410370,403697
4,901277,904089,845437,831071,791295,788603,788787,811979,818671,816848,823463,819273,848312,869216,876207,890740,922819,974181,953739,940905,902279,891809,902072,871117,869372,872550,864119,861266,819879,776794,728679,700710,661953,630967,614450,618060,596967,581405,572351,549147,522269,536139,532826,532954,526617,566401,543165,527546,521874,523207,515957,522484,534064,542329,540131,545782,554754,565127,560899,565563,565624,570533,565065,555647,539174,530684,507352,498240,483769,480475,464753,447374,431500,417322,413629
5,903140,897573,902530,843247,830261,788554,795433,785531,808997,816464,812566,821502,816587,845336,873546,875369,888042,919518,968963,946773,936094,904388,893670,904152,873539,873581,873422,863891,860275,819010,773655,728995,700921,661011,631506,616687,616431,595316,579625,570261,528404,524094,538057,534828,536971,533133,565212,542204,526621,521717,521883,519874,526759,537687,547286,543899,549926,557963,566411,562064,566438,568059,571660,564915,555014,538315,529716,507118,499144,493318,478684,467140,450440,434445,420407
6,724744,899579,896047,900292,841463,829235,783974,781742,782563,805476,813413,809609,818651,814706,842951,878257,875492,885560,916472,963752,941782,937665,906495,895658,906249,876036,877854,874311,863705,859275,818148,773039,729277,701121,660145,632019,618798,614905,593758,577941,551444,530731,525348,540014,537439,542607,540044,564483,541326,525554,521774,525434,524440,531761,541502,551380,549632,553286,560048,566952,563169,568569,569197,571217,564416,554223,537576,529609,507291,501031,490819,481317,469364,452865,437431
7,734092,721088,899431,893933,898218,840005,825674,787506,779461,779010,802229,810802,808293,816090,812765,840523,882779,874792,883024,913233,959351,943220,939292,908707,897644,908373,878514,882133,875261,863459,858347,818038,772479,729576,701315,659337,632499,620733,613520,592344,561258,553352,532451,526630,542480,541440,548718,546882,563825,540303,524929,525094,529430,529267,536730,544564,557571,554779,555487,561735,567808,564994,569486,568782,570307,563484,553502,537809,529473,510437,505591,493151,483663,471661,455732
8,763117,732163,719782,896919,892208,895903,834687,828455,786247,776824,775579,800019,807116,806760,813907,810329,837971,887309,874495,880142,909892,960884,944712,940926,910962,899646,910566,881055,886462,876175,863352,858441,818033,771954,729923,701567,658517,633018,622796,612057,577678,563154,554871,534253,528298,546192,545869,554541,553286,563059,539637,528714,528612,533557,534646,540875,549836,562743,558705,557192,563165,569721,565785,569129,568376,569449,562718,553691,537902,532059,512964,507730,495818,486078,474582
9,769588,760092,731931,717321,895853,890220,893534,836609,828878,785899,773801,772966,798107,804357,805171,811569,808958,836258,892050,873600,877100,910958,962477,946221,942608,913222,901662,912766,883607,890745,877124,863652,858521,818043,771521,730242,701774,657834,633469,624582,598546,579396,564536,556550,536629,530792,550296,549989,560339,560044,562660,543267,532760,532755,538376,538956,546981,554495,567192,562052,558982,565189,570842,565607,568836,567734,568873,563046,554146,541495,535259,515109,510387,498268,488878
10,774360,767334,759294,731360,715027,893773,887237,891815,834947,829661,784549,771549,770344,796141,801341,802673,809210,806592,833423,896141,873605,878484,912015,964147,947756,944326,915500,903718,914973,886159,894942,877201,863509,858372,817917,771251,730283,701803,657523,633616,613408,600502,580746,566009,558695,540238,533655,554232,554100,566300,566374,565920,547054,537956,537418,542326,545130,552693,558196,571096,564793,561023,565982,570929,565198,568351,567324,569271,562764,557192,544309,537368,517826,512850,501020
11,880936,772527,766102,757711,730312,713081,891834,886940,890377,834104,829042,781515,768858,767949,794042,798486,801736,807496,804175,831119,900442,874632,879869,913165,965809,949273,946034,917790,905761,917171,888498,894457,876724,863128,858077,817705,771068,730258,701790,657416,625434,614811,602048,582200,567962,561846,544237,536420,558064,558323,571769,568684,569499,551622,542931,541177,547924,551007,557461,561199,574185,566859,561945,566055,570683,564759,568083,567812,569337,566257,560013,546219,540159,520240,515547
12,867577,878592,771616,764412,756224,729618,710018,891573,884813,889315,831353,829731,778530,766090,765819,791879,796448,800045,804723,802763,829119,895820,875623,881245,914275,967455,950809,947745,920077,907781,919082,887486,894059,876282,862811,857866,817602,770912,730307,701863,650843,627015,616009,603782,584060,570843,565370,547989,539148,562035,562281,573863,571180,573595,556540,547135,546663,553371,555780,561491,563954,576443,567704,562246,566021,570232,564478,568576,568025,573063,568876,561956,548872,542446,522955
13,860243,864976,877028,771206,762043,754376,728307,709233,889810,883870,886736,827851,830390,774753,762992,763044,789889,793050,798530,802720,801224,829880,891193,876639,882626,915349,969105,952370,949418,922316,909494,917672,886582,893889,875964,862576,857736,817540,770849,730399,696314,652076,628352,617356,605909,586881,574009,568672,551697,541883,565951,564359,576103,574651,578284,560460,553021,551938,557633,559950,564733,566121,577668,567956,562296,565648,570184,565035,569063,572003,575758,570894,564617,551324,545384
14,819261,857224,862920,875105,769087,759171,752138,728388,706143,889500,881334,885943,824448,830968,771994,761020,760781,787411,789729,796448,800573,801349,830583,886553,877598,883987,916390,970648,953867,951009,924217,908135,916438,885853,893949,875752,862455,857666,817507,770813,727455,696836,653115,629676,618986,609077,589935,576986,571831,555592,544761,568358,566610,578992,578169,582015,566019,558684,556355,561392,563250,566488,567354,578507,568077,562006,565934,571168,565871,573180,574688,577971,573645,566971,554266
15,787894,814695,854161,860918,870524,766311,756415,751069,728257,704862,886570,875689,884544,820933,831204,768828,758097,758675,785347,786728,794467,800473,801409,831233,881805,878508,885236,917373,972174,955248,952298,922718,906925,915384,885271,894180,875718,862410,857636,817472,769942,727672,697305,654246,631450,621477,612700,592843,579983,575283,559012,547025,570882,569709,582731,581012,587212,571616,563539,560238,564605,565211,567577,568252,579057,567907,562182,566861,572210,570115,575894,576880,580945,576110,570152
16,827650,782619,812337,851273,856394,866437,763868,754506,748803,728668,701586,881355,870396,884118,816714,831823,765336,755028,755590,782790,783523,794089,800301,801447,831778,876996,879343,886441,918260,973541,956239,950779,921397,905855,914491,884869,894533,875779,862376,857530,818411,769984,727929,697808,655635,634161,624356,616062,595724,583162,578356,559983,549909,574567,573866,585817,585422,592699,576646,567923,563391,566829,566463,568447,569082,579513,568641,563617,568006,574780,572808,578392,580240,584176,579896
17,804822,821828,780933,808507,846144,850757,862828,761923,753958,748809,727899,696971,875941,864083,882955,812732,832792,762066,752798,753231,780436,782942,793688,800127,801404,832321,872153,880154,887507,918986,974496,954696,949328,920185,904845,913728,884541,894936,875809,862281,862001,818243,770115,728173,698404,657818,637160,627117,619446,598871,586101,579525,561513,554212,579441,577712,590672,590575,597942,581230,571802,566265,568311,567946,569765,570420,581989,570790,565389,569673,580417,576342,583026,585667,588694
18,815081,800012,817270,776449,803345,840839,847282,858638,762465,752341,745765,722372,691464,870253,858625,881639,808437,833383,758148,750029,750126,779635,782281,793262,799887,801255,832777,867243,880886,888512,919463,972657,953032,947887,918882,903999,913128,884557,896124,876414,868388,861091,818300,770270,728430,699485,660304,640122,630085,623115,601777,588055,582069,566152,560832,585235,584895,598015,597142,604124,586324,575809,568901,570728,570722,575369,579330,586873,574707,566163,569708,586339,583460,590659,590961
19,797580,808580,797186,812894,773556,797554,835885,841914,858717,761218,750728,739995,716313,685975,864747,852592,880256,804610,833417,755054,746736,749261,778822,781666,792751,799642,801136,833278,862279,881547,889383,917523,970925,951466,946539,917793,903399,912855,884947,898022,883904,867141,860725,818471,770467,729175,700716,662800,643277,633148,626198,602618,591807,585495,569759,566346,594830,594316,605884,603863,610128,591398,579167,572067,574614,577538,587285,585535,590744,576282,567290,577155,593590,591066,596915
20,817198,791172,805107,793153,806116,767638,792254,831078,842192,856099,760396,744559,734287,710854,681499,858995,846610,879554,800374,833795,751723,746103,748454,778136,781056,792291,799409,801051,833714,857325,882005,887721,915561,969316,949958,945335,916831,902997,912845,885689,905220,882468,866661,860442,818744,771366,730206,702093,665708,647030,635651,626170,607321,595956,587868,572335,578058,605312,602480,612576,609674,615775,594700,581875,575189,580173,585466,592118,587458,592909,575636,573782,583987,601038,598369
21,866301,811581,787293,800010,787406,798984,762821,787317,829521,839274,853827,755225,738914,728960,705607,675580,853431,841236,878718,796805,833351,751038,745515,747707,777372,780439,791856,799268,800946,834121,852070,879976,885886,913336,967534,948413,944195,915986,903013,913327,894265,903369,881886,866253,860148,819849,772471,731340,703813,669154,650257,635305,632583,612255,599074,590835,584140,590437,614206,610542,618718,615920,619721,596841,584654,580454,587622,590127,593017,588045,588503,581848,580299,592318,609156
22,797840,859944,808058,783322,793506,781947,791749,758078,785482,826407,836475,850056,749701,732545,723169,700390,671026,848288,835689,877568,792861,827859,750420,744933,746900,776618,779864,791443,799059,800793,834368,849736,877845,884054,911179,965926,947041,943323,915495,903641,922245,892841,902532,881481,865710,860535,821223,773620,732861,706273,672028,650621,643386,639224,615714,603119,604671,596519,600267,623820,618115,625991,620480,622716,599431,588669,586266,591595,590999,593757,583508,595721,586922,587370,601596
23,808155,791792,856109,803666,776851,786898,776963,786224,756147,781722,822848,833430,846535,744365,726843,717421,694498,666009,842298,829859,875637,792762,822379,749852,744332,746144,775875,779276,791000,798840,800455,832246,847479,875814,882347,909180,964597,945981,942864,915453,912657,921002,892265,901844,880872,865906,861058,822571,775127,734885,708394,673909,661507,651548,643217,620124,618260,618142,606267,611599,632527,626323,631701,623610,625753,603268,594005,590504,592782,590841,588775,590811,601703,593554,597393
24,812068,801498,788263,850544,797166,771423,779601,772085,782294,752077,777462,817547,829821,842846,739141,720662,711953,689361,660873,836898,824372,871771,792665,817064,749248,743739,745353,775218,778723,790521,798401,798537,830316,845326,874000,880931,907429,963654,945399,942977,923874,911273,920492,891775,900964,881100,866170,861453,824137,777167,736842,711755,687440,671445,655410,647284,634739,632707,628144,616494,620643,641705,632953,635226,626406,629620,607703,597963,591632,591788,586919,596182,597448,609750,604252
25,799441,805552,798662,784405,844284,791308,764459,773334,770855,776601,746298,772761,813289,827142,840253,733648,714716,706242,683409,656162,831433,824514,867851,792596,811717,748714,743196,744615,774522,778169,789918,796517,796763,828537,843362,872380,879701,906007,963132,945184,952373,922376,910510,920109,891215,900606,881171,866363,862218,826412,779198,741177,727842,699874,676101,659365,662435,648469,642999,639200,625221,629785,648419,636172,638292,629535,634033,610365,598620,589181,588548,593948,602784,604410,620970
26,805365,794030,802201,794063,779081,837687,784472,759354,772065,765752,770620,745942,768478,808808,823313,836623,728786,708688,700341,678445,650769,832110,824652,864035,792576,806385,748183,742639,743827,773815,777477,788112,794836,795260,827008,841737,871035,878750,904948,962960,954437,951054,921425,909823,919778,891439,900272,881394,866763,863527,828619,784070,758879,742299,706101,680250,674244,675718,658216,654087,648230,634573,636582,651427,638904,642436,632522,636390,610326,594222,586447,595757,599883,609712,616040
27,792009,799591,790949,798271,789821,774497,830343,779688,755581,765081,761412,767286,745392,763737,804431,819768,833816,722793,702972,694167,673215,651090,832807,824855,860246,792571,801080,747633,742122,743088,773082,775947,786542,793479,794029,825750,840379,869991,878101,904314,972232,953111,950155,920329,909106,920151,891734,899921,881709,867783,865010,833458,802546,774121,749309,710814,695657,686628,684263,668204,662630,657302,641031,639283,653944,642007,645936,634599,636742,604340,592800,593962,602121,606796,620968
28,792325,786996,796471,786639,793387,785521,768507,824372,775105,750429,759152,758495,763908,745603,758612,800288,816213,830209,718660,696932,689308,673785,651425,833587,825018,856429,792562,795749,747053,741539,742185,771843,774708,785241,792347,793052,824758,839336,869211,877723,912488,970513,952264,949141,919231,908874,920325,891840,899688,882407,869634,871629,853201,819944,783404,756052,727577,709491,694690,693946,677576,671234,663290,643403,641855,657178,644515,647713,635013,630071,603690,600518,600247,608684,617578
29,781658,787312,784613,791930,782343,789369,780009,764348,817930,771701,745588,755764,755218,760931,745691,754505,795637,813219,826651,712273,690870,689880,674381,651799,834297,825216,852621,792570,790395,746481,740857,740766,770795,773712,784226,791433,792305,823942,838482,868666,885387,911439,969252,951154,948147,918419,908515,920558,891990,899722,883668,875739,891228,868826,828270,789630,772050,739773,716429,701935,701007,685561,676818,665331,645791,644695,659634,646532,647793,627765,629860,611485,607176,606664,619285
30,773060,778341,785550,781799,786906,778617,782777,777054,760594,815189,765997,742501,752304,752221,757900,745136,749899,791166,809483,823452,708034,691773,690435,675013,652103,834936,825398,848787,792518,785057,745762,739613,739585,769998,772911,783381,790734,791756,823319,837912,874945,884327,910643,967813,950032,947357,917543,908146,920694,892438,900924,890629,895245,908357,877287,834848,806212,785652,746600,723586,708916,708941,690730,678538,667346,648456,646636,661682,646752,640573,628267,637987,618035,613394,616701
31,785722,769930,775884,782117,777824,783414,773446,780598,771750,756494,810617,763152,739809,748696,748725,754950,745264,745050,786835,806968,819868,708228,692629,691044,675625,652409,835608,825577,844923,792403,779465,744297,738633,738651,769395,772311,782749,790147,791281,822825,844516,873803,883586,909788,966305,949232,946598,916516,907689,921098,893166,906049,906781,908177,914972,880861,848598,816391,791110,751830,727308,716312,714079,692273,680181,669475,650448,648958,661651,639502,641388,635933,644654,624066,622620
32,512255,781950,767732,773104,778335,774658,777271,770749,774567,768828,750949,809926,760568,736765,745906,745329,751147,744984,740439,782307,802827,816901,708415,693516,691657,676227,652754,836306,825735,841000,791944,777965,743075,737844,737968,768940,771797,782263,789668,790912,828956,843723,872964,882709,908841,964784,948360,945718,915438,907551,921367,896733,918756,916517,911436,917044,891104,855534,819346,794814,753237,734319,720876,715538,693458,681886,670717,652430,649095,655408,640417,648946,641873,650554,632842
33,407534,509652,779449,765045,770864,775680,770406,774327,765452,771596,763168,748969,808610,756895,734250,742007,742221,747953,744636,735626,778076,801354,813949,708584,694372,692178,676796,653076,836913,825785,836689,790036,776693,742014,737216,737397,768602,771378,781786,789261,796336,827998,843175,871966,881888,908246,963341,947544,944806,914610,907912,926071,909430,928570,920311,913405,927496,897100,858065,822683,795912,759793,738827,722073,716830,694656,683056,672536,652402,643652,656863,647487,655353,647702,658435
34,429250,405769,508554,776133,761607,768717,770506,767490,769720,762196,765886,760349,745661,807936,754219,731411,738429,739179,744810,744182,731215,777876,799915,810955,708772,695152,692709,677293,653311,837483,825569,834713,788428,775669,741192,736737,736914,768332,771006,781370,794196,795185,827155,842454,871057,881370,907752,961870,946610,944087,914821,913686,938166,918845,931974,922453,922752,933969,899375,861703,824202,801901,764214,739783,722978,718039,695415,684894,672541,647011,644714,663770,653422,661053,655322
35,538539,427118,404236,506487,773761,758372,764998,768439,764358,765564,757049,763705,757274,743819,806713,751084,728162,734777,735933,741506,743288,731042,777604,798381,807895,708897,695922,693226,677751,653500,837814,823541,832990,786964,774738,740473,736371,736534,768023,770678,786480,792776,794282,826143,841892,870408,881064,907232,960387,945857,943840,919819,925838,947186,922657,933893,931738,928730,936890,902528,862572,829672,806028,765110,741009,723845,718861,696965,685014,667278,648310,651300,669845,658711,667962
36,688801,536693,426263,402737,504808,771364,754987,763012,764832,761408,760251,754392,760352,754223,741284,806152,747726,724901,731217,732807,738091,739483,730913,777310,796807,804842,708895,696658,693664,678187,653460,835475,821758,831489,785701,773966,739874,736056,736193,767746,775961,785255,791564,793124,825232,841686,869916,880705,906685,959034,946489,950576,933625,937952,953039,927222,945180,940224,933729,942128,905540,867619,833437,806726,765659,741912,724286,720821,696978,681128,668732,654236,656778,675065,665014
37,710264,685064,534596,425150,400661,503309,767477,752573,759653,761919,756799,756975,751109,757963,750913,738473,804614,744454,721900,727603,729284,737251,735611,730691,776937,795142,801650,708912,697381,694034,678358,651865,833448,820193,830188,784554,773322,739320,735839,735845,772669,774929,784270,790054,791918,824575,841754,869288,880241,906275,958492,951090,960927,943903,943006,956367,937780,952376,944329,938132,944130,910056,871033,833639,807208,765861,742259,725890,720776,693606,682175,674296,659457,661537,680688
38,727535,707368,682714,532929,423095,399206,500916,765709,749298,757445,757770,755849,753971,748965,755743,747705,735788,803617,741102,718576,724124,728625,736357,731742,730404,776500,793482,798481,708837,697969,694022,676398,650342,831547,818633,828909,783463,772805,738927,735632,740506,771336,773990,782965,788519,790790,823960,841501,868640,879883,906125,962393,960446,968518,948261,946183,966067,944598,955700,947990,939840,948332,912952,871157,834054,807330,765795,743989,725693,718130,694653,687364,679338,663852,667119
39,732497,724218,705506,679519,531162,421688,396941,499519,762791,746501,753176,754242,754536,750239,745278,752232,744146,732904,802249,738123,715425,723609,727818,735422,727767,729970,776075,791737,795225,708654,698281,691679,674645,649040,829776,817281,827747,782535,772319,738512,740160,739415,770194,772795,781657,786783,789734,823145,841238,868124,879771,909178,972098,967946,971570,951764,956854,972753,948291,959107,949399,943595,951165,912804,871203,833831,807054,767068,743730,723110,719002,699467,691683,683739,668854
40,690687,729139,721897,703246,676737,528942,418814,395443,497549,760045,742752,749274,751611,752170,747201,742682,749793,740684,729916,801190,734601,714782,723006,726978,734378,723699,729563,775519,789935,791853,708205,696518,689837,673289,647984,828363,816109,826686,781611,771621,742484,738966,738363,768707,771673,780293,785172,788572,822277,841119,867729,882067,917270,979671,971104,973743,962193,964034,975932,951856,960310,953207,945705,950732,912484,870791,833227,808091,766871,741417,723448,723466,703396,695368,688293
41,717162,687813,726679,718617,699541,673275,526902,417788,393440,495176,756319,739627,744999,747872,751101,743390,739288,746159,737241,727205,798987,733838,714107,722362,725952,733240,719507,729022,774806,787889,788006,706286,694849,688063,671991,646948,826972,814940,825599,780700,776274,741377,737940,737109,767215,770497,778946,783353,787309,821562,841105,869171,889600,923565,983004,973231,980236,969156,968120,979184,953006,963786,955513,945247,950153,911851,870131,833979,807492,764338,741944,727487,727082,706684,699427
42,674202,713634,685244,723756,715748,696914,669286,525153,415454,391674,493099,754650,736509,741573,744013,749230,740335,736457,743634,733845,724092,795641,732971,713326,721530,724759,731907,715220,728363,773965,785497,785415,704310,693097,686300,670633,646061,825741,813901,824596,785070,775046,740292,736677,735861,765623,769335,777495,781371,786189,820941,842516,875888,895310,925982,985695,979649,984960,973216,972222,980248,956333,965669,955105,944551,949191,910933,870585,833206,804929,765085,745668,730747,730207,710624
43,679501,671321,710003,682618,719942,712592,693710,666908,522807,414348,389219,490916,752551,732688,737172,740681,746703,735996,732392,739771,729685,722903,792151,732012,712368,720581,723507,730518,710913,727605,772983,782645,783045,702535,691521,684617,669367,645212,824624,812807,829015,783502,773843,739046,735413,734576,763954,768034,775909,779580,785370,822547,849333,881070,897310,927666,992492,984337,987426,977076,973900,983109,958096,965223,954408,943493,948160,911068,869464,831055,805565,768403,748658,733227,733422
44,626547,675753,668109,706454,677619,716878,708610,690362,662563,520743,412140,387098,488125,750639,729054,732957,736860,745033,731560,729326,736485,728412,721507,788433,730754,711234,719489,722099,729013,706353,726566,770282,780073,780929,700900,689945,683009,668087,644323,823346,816440,826746,781929,772408,737749,733983,733255,762147,766645,774400,778115,787084,829074,854196,882452,898742,933550,997542,986600,990052,978769,976785,984531,957607,964234,953322,942507,948308,910431,866831,832042,808540,770970,751026,736265
45,615303,623627,672197,665223,703115,674258,712463,705042,687600,658984,518405,409794,385716,486262,748832,725038,728747,732731,742284,727499,725376,734852,726891,720036,784536,729352,709928,718334,720461,727282,701331,723845,767574,777526,778809,699210,688407,681489,666875,643372,826737,814044,824739,780076,771015,736535,732534,731722,760198,765327,773073,779806,793254,833637,855485,882945,904075,937727,1000289,989357,990724,981147,978283,983789,956402,962938,952006,942526,947191,908080,867935,834616,811216,772967,753466
46,600065,611789,619821,669042,661938,699169,670548,709836,702252,684229,655048,515682,406909,382829,482604,745617,720802,723654,728759,739589,723628,724005,733020,725130,718336,780430,727876,708533,716937,718726,725260,698383,721086,764890,775080,776603,697616,686863,679967,665736,645422,823886,811778,822245,778085,769531,735219,730986,730075,758325,764041,773960,785943,797752,835272,856397,887740,907659,939638,1003176,990040,992410,982281,977252,982464,954941,961551,951644,941384,944130,909147,870236,836724,813079,774871
47,585621,596667,609307,616655,665180,657785,694410,667954,705976,697924,680325,650769,511292,404759,380580,480453,743551,716353,719177,723928,737354,721627,722285,730737,723134,716332,776009,726175,706984,715354,716682,722246,695535,718390,762227,772630,774442,695909,685308,678415,667500,643547,821440,809103,819664,775920,767957,733669,729270,728438,756400,764534,778856,790443,799251,836140,861048,890940,909244,941770,1003945,991480,992630,981170,975787,980760,953283,960873,950417,938013,945208,911059,872078,838160,814541
48,543640,581954,593137,605576,613031,660733,654057,691099,664060,701433,694523,676612,647714,507924,401647,377249,477596,740905,711377,713743,719678,733449,719426,720301,728354,720821,714251,771447,724140,705130,713497,713478,719160,692731,715613,759566,770116,772280,694251,683740,679954,665342,641717,818494,806254,816594,773595,766299,732104,727605,726688,756856,768632,781994,791970,800168,840980,864338,892304,911060,942201,1004959,991370,991110,979534,974118,979137,952392,959708,946747,939510,946880,912655,873214,839292
49,555419,539832,578397,589329,601892,608722,656413,649658,686201,660779,697532,689270,671343,643430,505084,399145,374919,474320,737422,706905,708401,717387,729303,717002,718019,725532,718393,711847,766509,721877,702822,710059,710229,716058,690006,712856,756881,767638,770080,692563,685336,677703,663261,639669,815210,802713,813470,771242,764467,730519,725702,726874,760510,771187,782789,793106,804558,844208,865458,893628,911129,942955,1004792,989559,989111,977856,972309,977845,951065,955531,948070,941186,948171,913440,873768
50,522842,551052,535359,574651,585083,597803,603928,652035,646004,681770,657656,691823,684473,666777,638333,500695,395953,371994,471137,733902,701966,706118,714892,724838,714188,715315,722561,715579,709171,761399,719231,699140,706402,706993,712984,687156,710120,754166,764972,767797,693970,682689,675505,660870,637470,811509,799056,810236,768579,762575,728540,725013,729946,762833,771641,783028,797252,807580,845513,866805,893523,911755,942604,1002737,987355,987086,975914,970952,976325,946253,956817,949235,942134,948781,913500
51,524932,519246,547191,531822,570750,580120,593348,599476,647195,641156,676781,654412,687363,678798,660875,633356,497197,392853,368519,466858,730439,699357,703514,711998,719942,710970,712468,719276,712514,706256,756196,715147,695451,702835,703571,709871,684248,707379,751406,762466,769753,691373,680089,672934,658293,635041,807663,795353,806894,765919,760355,727588,726982,731749,762960,771738,786009,800345,808858,846821,866643,893905,911065,940784,1000098,985049,984888,974426,968981,970580,947707,957708,950012,942225,948616
52,505552,520663,515492,543186,526817,566134,575588,588938,594731,642329,636808,672458,650867,681644,672953,655960,629026,492276,388831,365936,463381,724821,696501,700626,708661,714690,707501,709218,715645,709205,702881,751633,710899,691766,699165,700227,706636,681410,704479,748661,764153,766682,688732,677307,670287,655353,632479,803482,791333,803327,763066,759104,728850,727562,731465,762647,774091,788034,801894,810088,846619,866845,893005,908854,938229,997621,982355,983002,972528,962254,972093,948192,958178,949916,941816
53,480550,500989,517355,511490,538942,522112,560162,570878,584370,590087,637531,633524,668725,647115,675592,666758,650492,623417,487974,385405,362587,461021,718780,693235,697259,704896,709276,703915,705732,711736,705358,697998,746791,706575,688017,695500,696638,703473,678416,701585,749750,760791,763393,685817,674369,667459,652232,629760,799150,787263,799562,762286,759768,729127,726386,730791,764207,775518,788513,803336,809882,846433,865620,890949,906328,935698,994884,980231,980815,965612,963727,972448,948084,957742,949330
54,477255,476671,496259,513734,507172,533779,516936,555081,565170,579577,584353,633795,630459,663857,642687,669213,660558,643451,617401,482970,382015,360305,458425,712401,689555,693424,700893,703435,699930,701987,707669,700194,692684,741896,702153,684122,691604,693013,700224,675379,701663,745833,757281,759913,682886,671066,664374,649037,626831,794850,783318,798825,763190,759427,727758,724940,731616,765031,775547,788861,803027,809359,845199,863111,888056,903469,932941,992363,978055,972976,966893,963882,972119,947472,956548
55,461760,472426,471967,491592,509603,501549,528877,511660,550709,559788,574297,580520,629846,626609,658695,638974,662504,653732,636560,611305,478086,379685,357857,455617,705531,685595,689509,696508,697206,695441,697765,702033,694492,687429,736837,697469,680028,687723,689333,696685,675385,697834,741871,753423,756193,679648,667543,661158,645584,623809,790524,782704,799341,763120,757590,725952,724712,732071,764805,775430,787910,802167,807908,842569,860092,885121,900730,930364,990171,969939,974877,966681,963121,971021,945818
56,431249,455710,468346,467007,485947,505092,496807,523569,506534,544762,553921,570284,576002,625398,622626,653032,633531,655306,646574,630466,605330,474985,377079,355176,452398,698024,681145,685107,691806,690619,690600,691318,695963,688819,681956,731528,692702,675821,683616,685604,696433,671180,693735,737697,749251,752362,676252,663831,657652,641977,620521,789327,783063,799078,761612,755456,725107,724131,731473,764271,774220,786720,800398,804978,839440,856993,882238,898112,927825,981264,971430,974129,965559,961728,968900
57,419203,426014,451143,462629,462069,480963,500193,491091,517919,500317,538812,549630,566373,572333,620731,618021,646945,628285,647708,638866,623136,600461,471536,374213,352076,448766,690277,676267,680282,686488,683575,683963,684709,689782,682905,676319,726101,687779,671625,679362,684841,692099,666869,689223,733064,745009,748109,672571,659910,653966,638204,618633,788772,782730,797469,759939,753940,723605,722321,730457,762656,772508,784350,797381,801557,836111,853804,879334,895469,919463,982625,970213,972927,963691,959289
58,417849,413882,420703,445800,457258,455405,474436,494695,485642,511688,493705,534053,545348,561198,566912,616144,612981,640375,621676,639363,630917,617825,595109,467692,371075,348919,444893,682195,671070,674925,681035,676311,677027,678098,683186,676780,670553,720566,682720,667111,678272,680015,687410,662454,684286,728057,740503,743615,668649,655825,650120,636342,617113,787682,781196,795438,758644,752421,721625,720533,728427,760620,769691,780974,793763,798005,832470,850679,876379,886357,919985,981321,968492,970987,960851
59,407843,412808,408629,415442,440231,450739,449177,467922,490198,479814,504653,489524,528745,540155,556108,561298,610946,607126,632870,615528,631251,624983,611988,589422,463360,367579,345555,440799,673630,665340,668006,673235,668613,669949,671179,676594,670542,664767,714962,677460,665501,672905,674952,682447,657702,678894,722816,735666,738938,664609,651389,647806,634638,615061,785577,779273,793732,757157,749993,719456,717934,726109,757655,766096,777007,789831,794366,828928,847647,866942,886218,918257,978889,965980,967832
60,397205,400838,406883,402870,408509,433788,443793,442795,461530,485109,473714,499403,484726,523543,534455,550858,555874,603846,599640,625741,608466,624180,618391,605501,582921,458537,363874,341854,436293,664260,657508,659932,665190,660846,662395,663981,669616,664072,658773,708914,674909,659482,667247,669469,677140,652419,673287,717271,730388,734115,660039,648612,645759,632601,612425,783136,777384,791875,754849,747089,716525,715114,722856,753862,761782,773056,785725,790780,825539,838134,866055,884349,915523,976090,962179
61,370895,390982,394749,400876,397249,401616,426408,437226,436275,454096,478425,468984,492865,479880,517739,528076,544088,549464,596358,593149,617676,599247,616616,611141,598383,575847,453372,359779,337824,431385,656668,648694,651260,657010,652647,654731,656523,662393,657561,652470,706105,668494,653274,661286,663571,671651,646856,667400,711338,725007,728898,656830,645570,643090,629845,609406,780578,775247,789171,751973,743741,713207,711376,718861,749154,757380,768463,781577,787331,815350,836655,863616,881283,912421,971673
62,386106,363635,384074,388616,394660,389880,393955,419105,429892,429024,446345,472891,462916,487122,473809,511088,521889,537620,541258,588955,585303,607878,589450,608636,603037,590700,568411,447967,355395,333432,427812,646916,639287,642497,648397,644313,646824,648839,655068,650667,648745,698546,661847,646916,654675,657170,665603,641003,661125,705109,719086,724951,653155,642041,639371,626686,606247,777754,772329,786022,748381,739579,709028,706848,714112,744596,752539,764192,777491,776787,813170,834107,860189,877932,907899
63,366276,378384,356431,377369,381284,386457,382334,385809,412419,421845,421458,437525,465482,457473,479880,466945,503949,514348,529415,533575,580407,574231,596998,579047,599668,594141,582466,560241,442029,350627,330028,420407,636565,629810,633447,639387,635622,638500,640996,647451,646047,641243,690608,654690,640206,647981,650433,659239,634991,654535,698806,714930,720429,649165,637991,635847,623377,603126,774308,769030,781756,743703,734434,703996,701841,709343,739734,747881,759731,766661,774017,809779,830316,856424,873184
64,358858,358093,370488,349621,370457,372655,378027,375345,378998,403378,413287,412383,428416,458888,450092,472710,460297,496222,505732,521233,525295,568099,562361,585640,567584,590048,585128,573848,551834,435571,344941,323937,412754,626188,619942,624146,630067,626708,629928,632877,642055,637636,633214,682141,647373,633042,640580,643294,652559,628694,647968,694592,710285,715412,644468,633619,631759,620054,599248,770265,764571,776235,738110,728804,698200,696611,703998,734624,743258,749164,763387,770439,805435,826119,851117
65,326068,350041,350197,362880,341402,361743,364005,369864,367391,369897,395055,404255,402724,418501,451794,443711,464732,452551,486644,497317,512266,513203,554877,549879,573055,555524,579903,575452,564560,542452,427387,338116,317340,404874,615383,609670,614493,620578,617442,621109,626693,632671,628592,624806,673226,639458,625343,632591,635878,645524,621927,643935,689912,705341,709970,639784,629213,627782,615886,594956,765230,758494,769765,732105,722535,692446,690949,698687,729584,732932,745177,759377,765585,800944,820389
66,326669,317412,341274,341181,354023,333075,352546,354294,361905,358680,361572,384505,393301,392904,407912,443554,436178,455987,443146,477820,487833,499096,500255,540863,536257,559688,543045,569200,565318,554317,532473,418509,330910,310871,396619,603999,599213,604453,610876,607945,614437,616490,622690,619220,615685,663707,631272,617220,624404,628161,638148,616249,639211,684862,699451,703867,634525,624651,623149,611422,590318,758422,751469,762719,725284,716222,686750,685459,693488,719124,728265,740517,754012,760740,794674
67,314727,316787,308136,332155,332657,343612,322522,343035,346149,352524,349622,351419,373105,382933,381577,397131,434864,426855,445083,434492,468191,474247,485325,486743,525725,521980,545986,530079,557341,554062,543002,520435,409077,323769,304120,388301,592411,588434,594093,600308,600286,603830,605761,612048,609127,606123,653952,622243,608604,616052,620010,631560,609823,633847,678546,692926,697351,628926,619153,617482,606259,584348,750428,744050,754814,717997,709213,680430,679502,682607,713134,722914,734510,748090,754207
68,287320,305705,307054,299364,322144,322501,333405,313505,333093,336382,343220,338917,340907,362178,370952,370595,385376,425778,416964,435203,425044,453916,459548,470807,471961,509935,507168,531576,516157,544697,542080,529770,507636,399492,316156,297071,379893,580576,577352,583184,591774,588697,592654,594632,600732,598468,596086,643204,612809,599563,607099,613096,624156,602936,627537,671737,685761,690670,622405,612840,611459,599574,577444,741832,735440,746468,710430,701821,673956,672631,677877,707562,716519,728206,741144
69,275574,278120,295171,297034,289353,310685,311042,322359,303673,323161,326157,331917,327918,330369,349995,359155,359070,372660,414448,407079,423914,411102,438448,444549,455048,456517,493526,491545,516675,501181,532019,527331,515403,494728,389507,308366,290067,371237,568313,565721,573860,579782,576623,580844,582745,588847,587191,585515,632014,603107,590165,599272,605109,616106,595250,620913,664431,678348,682827,615244,606065,603954,591984,570390,732301,726598,737434,702312,694484,667039,662989,671142,701445,710362,720654
70,265690,264787,266996,284809,285944,277773,298997,300239,312347,293347,312513,314749,320092,316473,318289,337389,346630,346083,357803,403268,396848,408687,395963,422601,428086,438834,440403,476531,475483,500508,485612,516607,511621,500877,481174,379382,300409,282748,362393,555680,555060,560936,567106,563881,568462,570091,576204,574860,574544,620654,593006,581286,590259,596738,607171,587040,613505,656651,669922,674165,607771,597855,595286,583984,562352,722568,716867,728090,694140,686526,656510,655511,663610,693601,702033
71,229932,254265,253280,256563,273115,273601,265594,287567,289487,300631,282441,299622,301805,308481,304134,306104,324140,332124,331306,344014,391811,380864,392356,380432,405466,410816,421990,423810,458946,458205,483799,469893,500123,495988,485590,467094,368992,292244,275210,353195,543861,541606,547408,553673,550451,555355,556602,562689,562308,563153,608768,582710,570940,580825,587383,598104,578185,605668,647846,660569,665058,598679,588705,586521,575250,554076,711884,706643,718819,684969,675032,647968,647055,655395,684554
72,225564,218837,241830,241971,245148,260124,259973,253272,275468,277211,288883,270376,286616,289154,295123,292191,293956,309428,317151,317176,329739,374133,363887,375395,363685,387430,393265,404697,406693,440071,439959,466960,453384,483370,479515,470112,452927,358281,283866,267360,343713,529065,527484,533145,539559,536346,541538,542115,548686,549547,551297,597073,570967,560459,570283,577468,587968,568916,596491,638137,650682,654284,588597,579300,576453,566025,544914,700442,696577,708347,672556,665198,638677,637963,646176
73,208238,213174,207650,230459,230540,231772,246819,247910,242597,262232,265385,275186,257972,273405,275095,281613,277964,279710,293843,302175,302782,315163,355200,346309,356963,345967,369185,375114,386480,388350,421669,422907,448586,436702,465859,462478,454304,438424,346966,274977,259026,333607,513382,512587,518081,524618,521509,526558,527325,534413,536257,539510,584056,558877,548666,558969,566919,577357,558227,586796,627641,638890,642389,578208,568288,565998,555637,535439,689079,685037,694417,661834,654487,629053,628019
74,194199,195564,200628,196096,218138,217121,219010,233775,235457,229116,248627,250388,259728,245343,258917,261288,266996,263489,263552,278280,287714,288478,299460,336011,327661,338265,328030,350468,356603,367191,369594,403350,404505,430401,419074,447432,445348,437884,423337,335176,265490,250395,322789,497141,496913,502359,508957,505601,511054,512042,519840,523687,525966,570584,545807,536610,547037,555296,565455,546804,575849,614915,626150,630060,566362,556967,554591,544806,525745,676292,670404,681669,650321,643256,618081
75,191252,182017,181757,188219,183903,203137,202816,205665,221756,221434,216980,233550,235577,245476,231743,244502,246416,251833,247986,249381,262741,272517,272725,283460,315124,308343,319028,309962,331082,336534,347354,351742,383720,386235,410950,401170,429141,427508,421507,407413,323205,255973,241339,311423,480083,480923,485792,492074,489092,495331,496567,506960,509272,512406,555667,532190,523333,534116,542475,552626,535123,562945,601241,613015,615828,554027,544466,542572,533883,514408,660239,656499,668377,637957,630573
76,171302,177448,167701,169632,176241,170507,189409,189873,193489,206524,207478,202258,218084,221254,229211,218515,229890,231588,235052,232791,234496,247366,256087,256671,266005,293859,288791,299507,291410,310459,316685,329039,332594,364482,366865,391378,382851,410627,409420,403975,392244,310327,245767,231877,299738,462039,463721,467914,474422,471838,478976,482210,492039,494784,497591,540163,517250,509360,519955,528587,539128,521467,549087,586884,597697,601204,540220,531505,530624,521003,500510,644868,641991,654399,623663
77,135722,156792,162234,155869,157305,160636,158307,175281,177231,179334,193295,192056,187471,203191,205409,213832,205298,213729,214842,219593,217536,219442,230953,239494,239246,248066,272683,269001,279748,271799,290923,298218,309426,314021,344028,347565,371624,364004,391874,390483,387028,375093,296482,235220,222160,287587,443056,445266,449434,456304,454349,463150,466005,477519,478925,482076,523527,501056,493751,505137,513868,523877,507003,534331,570235,581870,584625,525763,518346,515948,505823,486886,628734,626730,638744
78,123867,122586,142033,149604,143386,142263,147193,144931,162841,163105,166654,177844,176952,173439,185832,188929,197366,190021,197336,198861,203811,202194,203210,214728,221820,221894,230108,251347,249047,259081,251846,272205,278611,290762,294629,323539,327937,351545,345026,372029,372057,368420,357009,282179,224302,212024,274667,422874,426181,430665,436815,438348,445416,449619,461122,462496,465661,505719,483515,477223,489364,497244,507613,491887,517299,553415,564036,567636,511316,502187,499100,490627,473104,611888,609982
79,112930,111134,110131,129075,135623,127957,129057,133777,133163,148647,149986,151093,160620,161785,158236,171073,173682,180695,174639,180201,183110,187980,185448,187372,197141,203813,204623,212326,229867,228161,239249,233754,252071,260008,270827,275245,303217,308149,331397,325587,352918,352325,348760,338378,267493,212612,201472,261184,402276,406705,411233,417981,420126,428003,431965,444178,444663,447558,486136,465205,459929,471533,479630,490262,473983,500056,534369,545322,549844,493664,483845,482055,475187,458735,592954
80,80644,78133,78441,91943,92029,94757,92186,100356,103035,109509,121495,115538,123276,125286,133492,142937,138453,142897,141397,143037,158911,162935,165311,168217,168428,169857,172473,175767,181943,188227,205579,220544,214774,232820,240351,250904,255922,282174,288041,310120,306960,331764,331137,328546,319079,252541,200675,190088,247150,381090,384464,392198,396927,400986,408313,413695,425452,425072,428253,465001,446148,440802,452313,461054,470284,456104,480635,514429,526084,527760,474013,465351,464671,458650,442758
81,71889,69855,70516,81291,82196,84614,83178,89977,92690,97947,107939,103858,110145,112785,119366,127282,124786,128288,127591,129288,144043,147703,149886,151837,152298,154219,157283,160556,165673,172262,183200,188054,200532,197118,213191,220745,231676,236454,261599,267368,289180,286565,309615,309900,307989,299325,237022,188058,178559,233073,359466,364084,370177,375502,380230,388238,393366,404492,404055,407354,442519,425307,420843,432359,439915,450097,435869,460163,493871,502658,504385,453769,446495,446337,440403
82,63301,62066,62684,70945,72563,74703,74290,79683,82434,86528,94536,92391,97240,100183,105679,111782,110973,113743,113891,115667,129195,132489,134465,135524,136360,138731,142090,145248,149404,156141,160822,165464,169617,181828,178684,193956,201890,212335,217372,240854,246369,267768,265479,287426,288639,287212,278847,220463,175046,167034,218936,336403,341661,349795,352229,357273,366342,371395,382462,381487,386199,418846,403312,400186,409352,418373,427083,414713,439070,468561,477431,479584,433065,426933,426581
83,54931,54505,55328,61039,63326,65158,65509,69723,72461,75575,81647,80986,84868,87821,92099,97195,97460,99477,100477,102257,114547,117485,119257,119537,120677,123403,126971,130002,133266,140051,138436,143645,147165,152993,163369,160729,175720,183081,193608,197733,219155,225829,245453,244530,264993,266953,265745,257795,203559,162307,155570,203983,310893,320554,326920,329201,332517,340053,345716,356922,358602,362879,394704,380759,376316,386509,394210,403674,392934,413022,441720,450978,454504,411615,405556
84,47258,47137,48177,51710,54475,56040,57100,60178,62896,65044,69616,70146,72693,76080,79001,82745,84708,85908,87399,89301,100280,102865,104433,104053,105422,108410,112113,114990,117435,124177,116071,122486,125963,130870,136393,145360,143861,157636,165078,174437,178688,198616,204854,223299,223602,242900,244770,242980,236044,186923,149725,143552,187932,287262,296659,303300,305359,307757,314667,320860,329591,334025,339153,369558,354648,352595,361140,369736,379577,365962,386374,413542,424600,428808,387963
85,39975,40462,41440,43090,46081,47457,49178,51153,53851,55214,58373,60023,61331,64593,66890,69103,72094,73240,74967,76918,73061,76231,78321,82420,83524,84626,85369,87475,89583,88504,95556,100566,106361,110451,114750,120429,128567,127508,140472,147093,155814,160103,178032,184120,201770,202913,220376,221836,220316,214629,170871,136599,130661,172989,262574,273069,279256,281629,283459,290266,296097,303765,309266,314699,341216,329223,326547,335183,344257,349855,338706,358308,385886,397528,400477
86,33116,34230,35299,35288,38357,39506,41691,42867,45367,46101,48083,50488,51093,54009,55369,56779,60187,61062,63487,65308,62008,64716,66506,69454,70673,72084,73170,75130,76627,76302,81347,81430,85123,92067,95417,100024,106221,112218,112236,123420,127034,137962,141705,158051,164251,180594,181998,197386,198979,197824,194274,154349,122595,118539,156707,238273,248246,254370,257105,259529,265316,270045,278125,284028,287224,313435,301039,300229,308797,313617,320243,310018,330701,357314,368048
87,27184,28408,29500,28303,31347,32236,34834,35402,37562,37771,38771,41873,41736,44671,44927,45209,49542,49871,52900,54713,51741,54005,55510,57498,58775,60371,61699,63497,64470,64759,67180,69032,67568,71995,78380,81639,86779,92718,97421,97139,105349,110576,120527,123933,138767,144882,159749,160888,174547,176992,174697,172825,136395,110300,105876,140875,213370,222576,228402,232945,234297,238677,244281,252492,255800,261107,283301,273375,273406,277429,283396,289067,282375,302446,328096
88,22045,23380,24203,22226,25172,25774,28651,28701,30567,30397,30635,34078,33517,36151,35880,35147,39532,40025,43367,45092,42357,44220,45463,46671,47946,49631,51099,52720,53265,54013,52985,56120,57100,55866,59687,66253,69481,74393,80369,83040,82721,90286,94882,103880,107322,120755,125973,139271,140971,153094,155547,152658,149097,120745,97325,93855,124792,187685,195734,201579,207364,207767,212907,218748,224300,229190,232485,254237,245503,241985,246835,251833,259575,254964,274719
89,17542,19056,19658,17126,19893,20261,23167,22785,24425,24043,23749,27206,26410,28678,27897,26862,30814,31392,34931,36504,33962,35461,36461,37072,38281,39968,41477,42920,43131,44192,38808,42964,45416,47412,45043,48901,55779,58485,63539,68919,70006,69936,76218,80433,88512,91752,103438,107764,119734,122034,133044,131651,127826,128747,104558,85194,81939,108676,165287,171972,174033,180975,182769,187719,190738,197870,200576,204776,224661,213216,212072,215250,223035,230680,228283
90,13747,15271,15705,12878,15378,15642,18380,17742,19170,18625,18010,21358,20243,22147,21281,19824,23639,24071,27508,28992,24701,25216,25176,26717,26689,26248,26523,27524,29483,29102,43544,45254,44012,46445,47187,46838,48084,50154,54296,58333,53292,58060,57821,63075,67323,74022,77014,86673,90978,102157,105120,112437,109718,109202,108931,89890,73274,70209,93002,143230,147974,149299,156364,158541,160585,165541,170375,173875,178020,191492,183747,181529,186662,194750,202957
91,10612,12132,12293,9403,11600,11873,14278,13507,14726,14125,13316,16360,15160,16672,15804,14288,17460,18032,21153,22533,18816,19217,19190,20122,20227,20088,20506,21333,22706,22672,22200,23518,23256,24928,25769,25736,26942,28978,32067,35316,41525,43543,47162,46801,51705,55692,60885,63423,71633,75816,86191,87053,92056,91992,91175,91857,75706,61524,59066,78656,121814,124431,126828,133214,132910,136876,139570,145270,148233,148486,161497,153774,154597,159878,167835
92,8015,9559,9566,6687,8550,8808,10848,10014,11008,10489,9581,12294,11206,12327,11361,9942,12635,13067,15874,17093,13951,14251,14236,14727,14909,14971,15444,16119,17020,17226,16187,16606,16881,18143,19072,19205,20314,22105,24413,27270,30664,33175,34723,37634,37437,41687,44873,49035,51303,58455,62513,69959,69733,75803,74888,75505,75812,62592,50705,48904,65643,100196,103609,105794,109458,110993,112976,116481,121373,120185,122650,132164,128035,129759,135977
93,5934,7376,7314,4630,6115,6294,8020,7232,8017,7598,6755,9102,8080,8934,7957,6597,8854,9199,11646,12601,10033,10255,10251,10441,10658,10823,11298,11831,12388,12726,11449,11602,12134,12878,13781,14179,14987,16374,18128,20196,22522,23830,25840,27061,29530,29741,32627,35404,38941,40734,47236,49717,54699,56249,60543,60800,61376,61225,50506,41402,40015,52870,81437,84702,84966,89560,89705,92323,95283,96282,96940,97721,107470,104961,108144
94,4320,5572,5466,3120,4276,4378,5797,5068,5743,5324,4623,6516,5678,6289,5444,4235,5885,6230,8352,9140,6982,7138,7132,7157,7363,7569,8003,8408,8728,9113,7881,7692,8401,8907,9550,10195,10928,12155,13399,14985,16601,17085,18080,19731,20805,23003,22976,25078,27301,30493,32241,36605,37813,43209,43644,47796,48077,48553,48975,40342,33261,31384,41835,65141,66394,68087,70644,71496,73451,73213,75505,74594,77336,85870,85579
95,3034,4132,3973,2042,2904,2939,4116,3440,3994,3636,3008,4498,3889,4302,3620,2660,3793,4011,5855,6462,4688,4796,4794,4721,4901,5110,5473,5777,5940,6310,4902,4710,5295,5530,6166,6695,7226,8207,9117,10245,11589,12357,12765,13418,14757,15934,17477,17183,18981,21053,23363,24311,26954,28990,32507,33549,36704,36940,38091,38736,31728,25510,24229,32689,49341,51554,52226,54883,55649,54860,56055,56452,57443,60093,68577
96,2035,2984,2829,1276,1866,1918,2844,2281,2656,2399,1876,3047,2520,2880,2343,1610,2404,2498,4028,4423,3029,3093,3098,2995,3140,3320,3608,3823,3891,4216,2846,2607,3192,3307,3798,4228,4610,5429,5831,6595,7458,8508,9043,9133,9816,10997,11945,12962,12737,14403,16400,17254,17494,20055,21122,24346,25054,27290,28086,29780,30072,23522,19375,18513,24270,37624,38707,39836,41447,40293,40802,40632,42037,43317,46690
97,1305,2044,1978,751,1119,1197,1856,1451,1696,1495,1107,1968,1544,1834,1470,933,1487,1502,2693,2968,1879,1920,1925,1822,1926,2067,2281,2436,2450,2709,1565,1397,1727,1807,2097,2469,2712,3308,3580,4105,5035,5324,6036,6417,6391,6973,7777,8643,9421,9333,10981,11797,11980,12758,14071,15356,17559,18179,20203,21305,22796,21639,17158,14483,13246,17960,27307,28842,29302,29016,29171,28420,29371,30789,33081
98,796,1321,1283,401,633,675,1121,850,1021,871,605,1195,902,1099,860,507,863,865,1718,1933,1110,1138,1140,1057,1132,1234,1389,1482,1473,1672,805,698,905,944,1124,1362,1473,1861,2010,2337,3247,3524,3670,4122,4445,4413,4775,5411,6300,6920,6838,7643,7901,8505,8725,9888,10871,12349,12977,14740,15766,16125,15362,12386,10142,9607,12695,19650,20560,20113,20528,19836,20214,21210,22918
99,454,802,784,197,326,356,626,462,580,470,308,677,496,616,480,259,475,475,1043,1219,628,645,645,586,634,700,807,866,849,985,403,336,440,470,564,724,786,1003,1074,1229,2038,2190,2387,2497,2776,3049,2940,3167,3910,4636,4866,4702,4971,5411,5682,5945,6643,7469,8547,9207,10791,10705,11153,10728,8258,7145,6689,8985,13421,13635,13742,13403,13839,13994,15301
100,482,976,964,147,284,309,630,438,594,442,257,695,470,623,464,211,450,448,1225,1549,640,657,657,562,634,720,870,950,907,1115,302,229,345,368,482,649,703,922,960,1120,2852,3053,3273,3562,3690,4015,4377,4516,4765,5435,6121,7093,7200,8095,8538,9122,9575,10158,11297,13106,15435,16205,17252,18420,17698,16558,14984,14132,14804,17177,19714,20445,21211,22652,24710
